2026-06-06T00:24:53.132-04:00  WARN 16304 --- [Trinity Clinic Manager] [http-nio-8080-exec-5] org.hibernate.orm.jdbc.error             : HHH000247: ErrorCode: 0, SQLState: 23505
2026-06-06T00:24:53.186-04:00  WARN 16304 --- [Trinity Clinic Manager] [http-nio-8080-exec-5] org.hibernate.orm.jdbc.error             : ERREUR: la valeur d'une clé dupliquée rompt la contrainte unique « patients_telephone_key »
  Détail : La clé « (telephone)=(3887675158) » existe déjà.
2026-06-06T00:39:51.242-04:00  INFO 16304 --- [Trinity Clinic Manager] [SpringApplicationShutdownHook] o.s.boot.tomcat.GracefulShutdown         : Commencing graceful shutdown. Waiting for active requests to complete
2026-06-06T00:39:51.279-04:00  INFO 16304 --- [Trinity Clinic Manager] [tomcat-shutdown] o.s.boot.tomcat.GracefulShutdown         : Graceful shutdown complete
2026-06-06T00:39:53.414-04:00  INFO 16304 --- [Trinity Clinic Manager] [SpringApplicationShutdownHook] j.LocalContainerEntityManagerFactoryBean : Closing JPA EntityManagerFactory for persistence unit 'default'
2026-06-06T00:39:53.455-04:00  INFO 16304 --- [Trinity Clinic Manager] [SpringApplicationShutdownHook] com.zaxxer.hikari.HikariDataSource       : HikariPool-1 - Shutdown initiated...
2026-06-06T00:39:53.530-04:00  INFO 16304 --- [Trinity Clinic Manager] [SpringApplicationShutdownHook] com.zaxxer.hikari.HikariDataSource       : HikariPool-1 - Shutdown completed.
2026-06-06T00:40:38.150-04:00  INFO 27408 --- [Trinity Clinic Manager] [main] i.s.s.t.services.TrinityApplication      : Starting TrinityApplication using Java 21.0.10 with PID 27408 (G:\DevSpace\backend\clinique-trinite\services\target\classes started by Gennesis in G:\DevSpace\backend\clinique-trinite)
2026-06-06T00:40:38.168-04:00 DEBUG 27408 --- [Trinity Clinic Manager] [main] i.s.s.t.services.TrinityApplication      : Running with Spring Boot v4.0.6, Spring v7.0.7
2026-06-06T00:40:38.172-04:00  INFO 27408 --- [Trinity Clinic Manager] [main] i.s.s.t.services.TrinityApplication      : The following 1 profile is active: "dev"
2026-06-06T00:40:42.705-04:00  INFO 27408 --- [Trinity Clinic Manager] [main] .s.d.r.c.RepositoryConfigurationDelegate : Multiple Spring Data modules found, entering strict repository configuration mode
2026-06-06T00:40:42.706-04:00  INFO 27408 --- [Trinity Clinic Manager] [main] .s.d.r.c.RepositoryConfigurationDelegate : Bootstrapping Spring Data JPA repositories in DEFAULT mode.
2026-06-06T00:40:43.646-04:00  INFO 27408 --- [Trinity Clinic Manager] [main] .s.d.r.c.RepositoryConfigurationDelegate : Finished Spring Data repository scanning in 877 ms. Found 2 JPA repository interfaces.
2026-06-06T00:40:45.998-04:00  INFO 27408 --- [Trinity Clinic Manager] [main] .s.d.r.c.RepositoryConfigurationDelegate : Multiple Spring Data modules found, entering strict repository configuration mode
2026-06-06T00:40:46.004-04:00  INFO 27408 --- [Trinity Clinic Manager] [main] .s.d.r.c.RepositoryConfigurationDelegate : Bootstrapping Spring Data Redis repositories in DEFAULT mode.
2026-06-06T00:40:46.105-04:00  INFO 27408 --- [Trinity Clinic Manager] [main] .s.d.r.c.RepositoryConfigurationDelegate : Finished Spring Data repository scanning in 36 ms. Found 0 Redis repository interfaces.
2026-06-06T00:40:49.177-04:00  INFO 27408 --- [Trinity Clinic Manager] [main] o.s.boot.tomcat.TomcatWebServer          : Tomcat initialized with port 8080 (http)
2026-06-06T00:40:49.234-04:00  INFO 27408 --- [Trinity Clinic Manager] [main] o.apache.catalina.core.StandardService   : Starting service [Tomcat]
2026-06-06T00:40:49.236-04:00  INFO 27408 --- [Trinity Clinic Manager] [main] o.apache.catalina.core.StandardEngine    : Starting Servlet engine: [Apache Tomcat/11.0.21]
2026-06-06T00:40:49.568-04:00  INFO 27408 --- [Trinity Clinic Manager] [main] b.w.c.s.WebApplicationContextInitializer : Root WebApplicationContext: initialization completed in 11110 ms
2026-06-06T00:40:51.239-04:00 DEBUG 27408 --- [Trinity Clinic Manager] [main] o.f.c.i.s.classpath.ClassPathScanner     : Scanning for classpath resources at 'classpath:db/callback' ...
2026-06-06T00:40:51.242-04:00 DEBUG 27408 --- [Trinity Clinic Manager] [main] o.f.c.i.s.classpath.ClassPathScanner     : Determining location urls for classpath:db/callback using ClassLoader TomcatEmbeddedWebappClassLoader
  context: trinity
  delegate: true
----------> Parent Classloader:
jdk.internal.loader.ClassLoaders$AppClassLoader@76ed5528
 ...
2026-06-06T00:40:51.242-04:00 DEBUG 27408 --- [Trinity Clinic Manager] [main] o.f.c.i.s.classpath.ClassPathScanner     : Unable to resolve location classpath:db/callback.
2026-06-06T00:40:51.242-04:00 DEBUG 27408 --- [Trinity Clinic Manager] [main] o.f.c.i.s.classpath.ClassPathScanner     : Scanning for classpath resources at 'classpath:db/migration' ...
2026-06-06T00:40:51.244-04:00 DEBUG 27408 --- [Trinity Clinic Manager] [main] o.f.c.i.s.classpath.ClassPathScanner     : Determining location urls for classpath:db/migration using ClassLoader TomcatEmbeddedWebappClassLoader
  context: trinity
  delegate: true
----------> Parent Classloader:
jdk.internal.loader.ClassLoaders$AppClassLoader@76ed5528
 ...
2026-06-06T00:40:51.248-04:00 DEBUG 27408 --- [Trinity Clinic Manager] [main] o.f.c.i.s.classpath.ClassPathScanner     : Scanning URL: file:/G:/DevSpace/backend/clinique-trinite/services/target/classes/db/migration
2026-06-06T00:40:51.253-04:00 DEBUG 27408 --- [Trinity Clinic Manager] [main] i.s.c.FileSystemClassPathLocationScanner : Scanning starting at classpath root in filesystem: G:\DevSpace\backend\clinique-trinite\services\target\classes\
2026-06-06T00:40:51.253-04:00 DEBUG 27408 --- [Trinity Clinic Manager] [main] i.s.c.FileSystemClassPathLocationScanner : Scanning for resources in path: G:\DevSpace\backend\clinique-trinite\services\target\classes\db\migration (db/migration)
2026-06-06T00:40:51.264-04:00 DEBUG 27408 --- [Trinity Clinic Manager] [main] o.f.c.i.s.classpath.ClassPathScanner     : Found resource: db/migration/V1__init_schema.sql
2026-06-06T00:40:51.269-04:00 DEBUG 27408 --- [Trinity Clinic Manager] [main] o.f.c.i.s.classpath.ClassPathScanner     : Scanning for classpath resources at 'classpath:db/migration' ...
2026-06-06T00:40:51.271-04:00 DEBUG 27408 --- [Trinity Clinic Manager] [main] o.f.c.i.s.classpath.ClassPathScanner     : Determining location urls for classpath:db/migration using ClassLoader TomcatEmbeddedWebappClassLoader
  context: trinity
  delegate: true
----------> Parent Classloader:
jdk.internal.loader.ClassLoaders$AppClassLoader@76ed5528
 ...
2026-06-06T00:40:51.273-04:00 DEBUG 27408 --- [Trinity Clinic Manager] [main] o.f.c.i.s.classpath.ClassPathScanner     : Scanning URL: file:/G:/DevSpace/backend/clinique-trinite/services/target/classes/db/migration
2026-06-06T00:40:51.276-04:00 DEBUG 27408 --- [Trinity Clinic Manager] [main] o.f.c.i.s.classpath.ClassPathScanner     : Found resource: db/migration/V1__init_schema.sql
2026-06-06T00:40:51.277-04:00 DEBUG 27408 --- [Trinity Clinic Manager] [main] o.f.c.i.s.classpath.ClassPathScanner     : Scanning for classes at classpath:db/migration
2026-06-06T00:40:51.303-04:00  INFO 27408 --- [Trinity Clinic Manager] [main] com.zaxxer.hikari.HikariDataSource       : HikariPool-1 - Starting...
2026-06-06T00:40:52.392-04:00  INFO 27408 --- [Trinity Clinic Manager] [main] com.zaxxer.hikari.pool.HikariPool        : HikariPool-1 - Added connection org.postgresql.jdbc.PgConnection@77226121
2026-06-06T00:40:52.402-04:00  INFO 27408 --- [Trinity Clinic Manager] [main] com.zaxxer.hikari.HikariDataSource       : HikariPool-1 - Start completed.
2026-06-06T00:40:52.496-04:00 DEBUG 27408 --- [Trinity Clinic Manager] [main] o.f.c.i.resource.ResourceNameValidator   : Validating V1__init_schema.sql
2026-06-06T00:40:52.528-04:00 DEBUG 27408 --- [Trinity Clinic Manager] [main] o.f.c.i.database.DatabaseTypeRegister    : Multiple databases found that handle url 'jdbc:postgresql://localhost:5432/trinity_db?currentSchema=clinic': CockroachDB,PostgreSQL
2026-06-06T00:40:52.531-04:00  INFO 27408 --- [Trinity Clinic Manager] [main] org.flywaydb.core.FlywayExecutor         : Database: jdbc:postgresql://localhost:5432/trinity_db?currentSchema=clinic (PostgreSQL 18.4)
2026-06-06T00:40:52.533-04:00 DEBUG 27408 --- [Trinity Clinic Manager] [main] org.flywaydb.core.FlywayExecutor         : Database Type: PostgreSQL
2026-06-06T00:40:52.536-04:00 DEBUG 27408 --- [Trinity Clinic Manager] [main] org.flywaydb.core.FlywayExecutor         : Driver: PostgreSQL JDBC Driver 42.7.10
2026-06-06T00:40:52.543-04:00 DEBUG 27408 --- [Trinity Clinic Manager] [main] org.flywaydb.core.FlywayExecutor         : DDL Transactions Supported: true
2026-06-06T00:40:52.582-04:00 DEBUG 27408 --- [Trinity Clinic Manager] [main] o.f.c.i.s.SchemaHistoryFactory           : Schemas: clinic
2026-06-06T00:40:52.594-04:00 DEBUG 27408 --- [Trinity Clinic Manager] [main] o.f.c.i.s.SchemaHistoryFactory           : Default schema: null
2026-06-06T00:40:52.830-04:00 DEBUG 27408 --- [Trinity Clinic Manager] [main] org.flywaydb.core.FlywayExecutor         : Scanning for script callbacks ...
2026-06-06T00:40:52.856-04:00 DEBUG 27408 --- [Trinity Clinic Manager] [main] o.f.c.i.c.SqlScriptCallbackFactory       : Scanning for SQL callbacks ...
2026-06-06T00:40:52.958-04:00 DEBUG 27408 --- [Trinity Clinic Manager] [main] o.f.core.internal.command.DbValidate     : Validating migrations ...
2026-06-06T00:40:53.064-04:00 DEBUG 27408 --- [Trinity Clinic Manager] [main] o.f.c.a.c.ClassicConfiguration           : CherryPickConfigurationExtension not found
2026-06-06T00:40:53.206-04:00 DEBUG 27408 --- [Trinity Clinic Manager] [main] o.f.core.internal.scanner.Scanner        : Filtering out resource: db/migration/V1__init_schema.sql (filename: V1__init_schema.sql)
2026-06-06T00:40:53.235-04:00 DEBUG 27408 --- [Trinity Clinic Manager] [main] o.f.core.internal.scanner.Scanner        : Filtering out resource: db/migration/V1__init_schema.sql (filename: V1__init_schema.sql)
2026-06-06T00:40:53.237-04:00 DEBUG 27408 --- [Trinity Clinic Manager] [main] o.f.core.internal.scanner.Scanner        : Filtering out resource: db/migration/V1__init_schema.sql (filename: V1__init_schema.sql)
2026-06-06T00:40:53.239-04:00 DEBUG 27408 --- [Trinity Clinic Manager] [main] o.f.core.internal.scanner.Scanner        : Filtering out resource: db/migration/V1__init_schema.sql (filename: V1__init_schema.sql)
2026-06-06T00:40:53.466-04:00  INFO 27408 --- [Trinity Clinic Manager] [main] o.f.core.internal.command.DbValidate     : Successfully validated 2 migrations (execution time 00:00.498s)
2026-06-06T00:40:53.481-04:00 DEBUG 27408 --- [Trinity Clinic Manager] [main] o.f.core.internal.command.DbSchemas      : Skipping creation of existing schema: "clinic"
2026-06-06T00:40:53.519-04:00 DEBUG 27408 --- [Trinity Clinic Manager] [main] o.f.c.a.c.ClassicConfiguration           : CherryPickConfigurationExtension not found
2026-06-06T00:40:53.525-04:00  INFO 27408 --- [Trinity Clinic Manager] [main] o.f.core.internal.command.DbMigrate      : Current version of schema "clinic": 1
2026-06-06T00:40:53.584-04:00  INFO 27408 --- [Trinity Clinic Manager] [main] o.f.core.internal.command.DbMigrate      : Schema "clinic" is up to date. No migration necessary.
2026-06-06T00:40:53.671-04:00 DEBUG 27408 --- [Trinity Clinic Manager] [main] org.flywaydb.core.FlywayExecutor         : Memory usage: 61 of 120M
2026-06-06T00:40:54.597-04:00  INFO 27408 --- [Trinity Clinic Manager] [main] org.hibernate.orm.jpa                    : HHH008540: Processing PersistenceUnitInfo [name: default]
2026-06-06T00:40:55.294-04:00  INFO 27408 --- [Trinity Clinic Manager] [main] org.hibernate.orm.core                   : HHH000001: Hibernate ORM core version 7.2.12.Final
2026-06-06T00:40:58.381-04:00  INFO 27408 --- [Trinity Clinic Manager] [main] o.s.o.j.p.SpringPersistenceUnitInfo      : No LoadTimeWeaver setup: ignoring JPA class transformer
2026-06-06T00:40:58.561-04:00  WARN 27408 --- [Trinity Clinic Manager] [main] org.hibernate.orm.deprecation            : HHH90000025: PostgreSQLDialect does not need to be specified explicitly using 'hibernate.dialect' (remove the property setting and it will be selected by default)
2026-06-06T00:40:58.639-04:00  INFO 27408 --- [Trinity Clinic Manager] [main] org.hibernate.orm.connections.pooling    : HHH10001005: Database info:
	Database JDBC URL [jdbc:postgresql://localhost:5432/trinity_db?currentSchema=clinic]
	Database driver: PostgreSQL JDBC Driver
	Database dialect: PostgreSQLDialect
	Database version: 18.4
	Default catalog/schema: trinity_db/clinic
	Autocommit mode: undefined/unknown
	Isolation level: READ_COMMITTED [default READ_COMMITTED]
	JDBC fetch size: none
	Pool: DataSourceConnectionProvider
	Minimum pool size: undefined/unknown
	Maximum pool size: undefined/unknown
2026-06-06T00:41:01.359-04:00  INFO 27408 --- [Trinity Clinic Manager] [main] org.hibernate.orm.core                   : HHH000489: No JTA platform available (set 'hibernate.transaction.jta.platform' to enable JTA platform integration)
2026-06-06T00:41:01.469-04:00  INFO 27408 --- [Trinity Clinic Manager] [main] j.LocalContainerEntityManagerFactoryBean : Initialized JPA EntityManagerFactory for persistence unit 'default'
2026-06-06T00:41:01.669-04:00  INFO 27408 --- [Trinity Clinic Manager] [main] o.s.d.j.r.query.QueryEnhancerFactories   : Hibernate is in classpath; If applicable, HQL parser will be used.
2026-06-06T00:41:02.719-04:00  WARN 27408 --- [Trinity Clinic Manager] [main] r$InitializeUserDetailsManagerConfigurer : Global AuthenticationManager configured with an AuthenticationProvider bean. UserDetailsService beans will not be used by Spring Security for automatically configuring username/password login. Consider removing the AuthenticationProvider bean. Alternatively, consider using the UserDetailsService in a manually instantiated DaoAuthenticationProvider. If the current configuration is intentional, to turn off this warning, increase the logging level of 'org.springframework.security.config.annotation.authentication.configuration.InitializeUserDetailsBeanManagerConfigurer' to ERROR
2026-06-06T00:41:10.978-04:00  INFO 27408 --- [Trinity Clinic Manager] [main] c.r.stream.impl.StreamEnvironment        : Connecting to localhost with guest user, assuming development environment
2026-06-06T00:41:10.982-04:00  INFO 27408 --- [Trinity Clinic Manager] [main] c.r.stream.impl.StreamEnvironment        : Using address resolver to always connect to localhost
2026-06-06T00:41:12.674-04:00  INFO 27408 --- [Trinity Clinic Manager] [main] o.s.b.a.e.web.EndpointLinksResolver      : Exposing 1 endpoint beneath base path '/actuator'
2026-06-06T00:41:13.197-04:00  INFO 27408 --- [Trinity Clinic Manager] [main] o.s.boot.tomcat.TomcatWebServer          : Tomcat started on port 8080 (http) with context path '/trinity'
2026-06-06T00:41:13.259-04:00  INFO 27408 --- [Trinity Clinic Manager] [main] i.s.s.t.services.TrinityApplication      : Started TrinityApplication in 38.538 seconds (process running for 45.291)
2026-06-06T00:41:13.292-04:00  INFO 27408 --- [Trinity Clinic Manager] [main] i.s.s.t.s.middleware.ApplicationReady    : Application [[31mTrinity Clinic Manager[0m] entièrement initialisée
2026-06-06T00:45:51.960-04:00  INFO 27408 --- [Trinity Clinic Manager] [http-nio-8080-exec-2] o.apache.tomcat.util.http.parser.Cookie  : A cookie header was received [g_state={"i_l":0,"i_ll":1780527310595,"i_b":"RrnF9rn4h5bAm0uPO0FhumpPXVQEEacpBt0St9R0O9w","i_e":{"enable_itp_optimization":0},"i_et":1778615391785};] that contained an invalid cookie. That cookie will be ignored.
 Note: further occurrences of this error will be logged at DEBUG level.
2026-06-06T00:45:52.039-04:00  INFO 27408 --- [Trinity Clinic Manager] [http-nio-8080-exec-1] o.a.c.c.C.[.[localhost].[/trinity]       : Initializing Spring DispatcherServlet 'dispatcherServlet'
2026-06-06T00:45:52.042-04:00  INFO 27408 --- [Trinity Clinic Manager] [http-nio-8080-exec-1] o.s.web.servlet.DispatcherServlet        : Initializing Servlet 'dispatcherServlet'
2026-06-06T00:45:52.056-04:00  INFO 27408 --- [Trinity Clinic Manager] [http-nio-8080-exec-1] o.s.web.servlet.DispatcherServlet        : Completed initialization in 13 ms
2026-06-06T00:45:56.065-04:00  WARN 27408 --- [Trinity Clinic Manager] [http-nio-8080-exec-2] ration$PageModule$WarningLoggingModifier : Serializing PageImpl instances as-is is not supported, meaning that there is no guarantee about the stability of the resulting JSON structure!
	For a stable JSON structure, please use Spring Data's PagedModel (globally via @EnableSpringDataWebSupport(pageSerializationMode = VIA_DTO))
	or Spring HATEOAS and Spring Data's PagedResourcesAssembler as documented in https://docs.spring.io/spring-data/commons/reference/repositories/core-extensions.html#core.web.pageables.

2026-06-06T01:48:51.161-04:00  INFO 15636 --- [Trinity Clinic Manager] [main] i.s.s.t.services.TrinityApplication      : Starting TrinityApplication using Java 21.0.10 with PID 15636 (G:\DevSpace\backend\clinique-trinite\services\target\classes started by Gennesis in G:\DevSpace\backend\clinique-trinite)
2026-06-06T01:48:51.177-04:00 DEBUG 15636 --- [Trinity Clinic Manager] [main] i.s.s.t.services.TrinityApplication      : Running with Spring Boot v4.0.6, Spring v7.0.7
2026-06-06T01:48:51.203-04:00  INFO 15636 --- [Trinity Clinic Manager] [main] i.s.s.t.services.TrinityApplication      : The following 1 profile is active: "dev"
2026-06-06T01:48:54.711-04:00  INFO 15636 --- [Trinity Clinic Manager] [main] .s.d.r.c.RepositoryConfigurationDelegate : Multiple Spring Data modules found, entering strict repository configuration mode
2026-06-06T01:48:54.713-04:00  INFO 15636 --- [Trinity Clinic Manager] [main] .s.d.r.c.RepositoryConfigurationDelegate : Bootstrapping Spring Data JPA repositories in DEFAULT mode.
2026-06-06T01:48:55.272-04:00  INFO 15636 --- [Trinity Clinic Manager] [main] .s.d.r.c.RepositoryConfigurationDelegate : Finished Spring Data repository scanning in 500 ms. Found 2 JPA repository interfaces.
2026-06-06T01:48:56.728-04:00  INFO 15636 --- [Trinity Clinic Manager] [main] .s.d.r.c.RepositoryConfigurationDelegate : Multiple Spring Data modules found, entering strict repository configuration mode
2026-06-06T01:48:56.733-04:00  INFO 15636 --- [Trinity Clinic Manager] [main] .s.d.r.c.RepositoryConfigurationDelegate : Bootstrapping Spring Data Redis repositories in DEFAULT mode.
2026-06-06T01:48:56.797-04:00  INFO 15636 --- [Trinity Clinic Manager] [main] .s.d.r.c.RepositoryConfigurationDelegate : Finished Spring Data repository scanning in 27 ms. Found 0 Redis repository interfaces.
2026-06-06T01:48:58.931-04:00  INFO 15636 --- [Trinity Clinic Manager] [main] o.s.boot.tomcat.TomcatWebServer          : Tomcat initialized with port 8080 (http)
2026-06-06T01:48:59.003-04:00  INFO 15636 --- [Trinity Clinic Manager] [main] o.apache.catalina.core.StandardService   : Starting service [Tomcat]
2026-06-06T01:48:59.007-04:00  INFO 15636 --- [Trinity Clinic Manager] [main] o.apache.catalina.core.StandardEngine    : Starting Servlet engine: [Apache Tomcat/11.0.21]
2026-06-06T01:48:59.254-04:00  INFO 15636 --- [Trinity Clinic Manager] [main] b.w.c.s.WebApplicationContextInitializer : Root WebApplicationContext: initialization completed in 7750 ms
2026-06-06T01:49:00.596-04:00 DEBUG 15636 --- [Trinity Clinic Manager] [main] o.f.c.i.s.classpath.ClassPathScanner     : Scanning for classpath resources at 'classpath:db/callback' ...
2026-06-06T01:49:00.598-04:00 DEBUG 15636 --- [Trinity Clinic Manager] [main] o.f.c.i.s.classpath.ClassPathScanner     : Determining location urls for classpath:db/callback using ClassLoader TomcatEmbeddedWebappClassLoader
  context: trinity
  delegate: true
----------> Parent Classloader:
jdk.internal.loader.ClassLoaders$AppClassLoader@76ed5528
 ...
2026-06-06T01:49:00.598-04:00 DEBUG 15636 --- [Trinity Clinic Manager] [main] o.f.c.i.s.classpath.ClassPathScanner     : Unable to resolve location classpath:db/callback.
2026-06-06T01:49:00.598-04:00 DEBUG 15636 --- [Trinity Clinic Manager] [main] o.f.c.i.s.classpath.ClassPathScanner     : Scanning for classpath resources at 'classpath:db/migration' ...
2026-06-06T01:49:00.599-04:00 DEBUG 15636 --- [Trinity Clinic Manager] [main] o.f.c.i.s.classpath.ClassPathScanner     : Determining location urls for classpath:db/migration using ClassLoader TomcatEmbeddedWebappClassLoader
  context: trinity
  delegate: true
----------> Parent Classloader:
jdk.internal.loader.ClassLoaders$AppClassLoader@76ed5528
 ...
2026-06-06T01:49:00.601-04:00 DEBUG 15636 --- [Trinity Clinic Manager] [main] o.f.c.i.s.classpath.ClassPathScanner     : Scanning URL: file:/G:/DevSpace/backend/clinique-trinite/services/target/classes/db/migration
2026-06-06T01:49:00.607-04:00 DEBUG 15636 --- [Trinity Clinic Manager] [main] i.s.c.FileSystemClassPathLocationScanner : Scanning starting at classpath root in filesystem: G:\DevSpace\backend\clinique-trinite\services\target\classes\
2026-06-06T01:49:00.607-04:00 DEBUG 15636 --- [Trinity Clinic Manager] [main] i.s.c.FileSystemClassPathLocationScanner : Scanning for resources in path: G:\DevSpace\backend\clinique-trinite\services\target\classes\db\migration (db/migration)
2026-06-06T01:49:00.616-04:00 DEBUG 15636 --- [Trinity Clinic Manager] [main] o.f.c.i.s.classpath.ClassPathScanner     : Found resource: db/migration/V1__init_schema.sql
2026-06-06T01:49:00.620-04:00 DEBUG 15636 --- [Trinity Clinic Manager] [main] o.f.c.i.s.classpath.ClassPathScanner     : Scanning for classpath resources at 'classpath:db/migration' ...
2026-06-06T01:49:00.621-04:00 DEBUG 15636 --- [Trinity Clinic Manager] [main] o.f.c.i.s.classpath.ClassPathScanner     : Determining location urls for classpath:db/migration using ClassLoader TomcatEmbeddedWebappClassLoader
  context: trinity
  delegate: true
----------> Parent Classloader:
jdk.internal.loader.ClassLoaders$AppClassLoader@76ed5528
 ...
2026-06-06T01:49:00.623-04:00 DEBUG 15636 --- [Trinity Clinic Manager] [main] o.f.c.i.s.classpath.ClassPathScanner     : Scanning URL: file:/G:/DevSpace/backend/clinique-trinite/services/target/classes/db/migration
2026-06-06T01:49:00.623-04:00 DEBUG 15636 --- [Trinity Clinic Manager] [main] o.f.c.i.s.classpath.ClassPathScanner     : Found resource: db/migration/V1__init_schema.sql
2026-06-06T01:49:00.625-04:00 DEBUG 15636 --- [Trinity Clinic Manager] [main] o.f.c.i.s.classpath.ClassPathScanner     : Scanning for classes at classpath:db/migration
2026-06-06T01:49:00.638-04:00  INFO 15636 --- [Trinity Clinic Manager] [main] com.zaxxer.hikari.HikariDataSource       : HikariPool-1 - Starting...
2026-06-06T01:49:01.329-04:00  INFO 15636 --- [Trinity Clinic Manager] [main] com.zaxxer.hikari.pool.HikariPool        : HikariPool-1 - Added connection org.postgresql.jdbc.PgConnection@254cc548
2026-06-06T01:49:01.334-04:00  INFO 15636 --- [Trinity Clinic Manager] [main] com.zaxxer.hikari.HikariDataSource       : HikariPool-1 - Start completed.
2026-06-06T01:49:01.391-04:00 DEBUG 15636 --- [Trinity Clinic Manager] [main] o.f.c.i.resource.ResourceNameValidator   : Validating V1__init_schema.sql
2026-06-06T01:49:01.410-04:00 DEBUG 15636 --- [Trinity Clinic Manager] [main] o.f.c.i.database.DatabaseTypeRegister    : Multiple databases found that handle url 'jdbc:postgresql://localhost:5432/trinity_db?currentSchema=clinic': CockroachDB,PostgreSQL
2026-06-06T01:49:01.412-04:00  INFO 15636 --- [Trinity Clinic Manager] [main] org.flywaydb.core.FlywayExecutor         : Database: jdbc:postgresql://localhost:5432/trinity_db?currentSchema=clinic (PostgreSQL 18.4)
2026-06-06T01:49:01.413-04:00 DEBUG 15636 --- [Trinity Clinic Manager] [main] org.flywaydb.core.FlywayExecutor         : Database Type: PostgreSQL
2026-06-06T01:49:01.413-04:00 DEBUG 15636 --- [Trinity Clinic Manager] [main] org.flywaydb.core.FlywayExecutor         : Driver: PostgreSQL JDBC Driver 42.7.10
2026-06-06T01:49:01.415-04:00 DEBUG 15636 --- [Trinity Clinic Manager] [main] org.flywaydb.core.FlywayExecutor         : DDL Transactions Supported: true
2026-06-06T01:49:01.419-04:00 DEBUG 15636 --- [Trinity Clinic Manager] [main] o.f.c.i.s.SchemaHistoryFactory           : Schemas: clinic
2026-06-06T01:49:01.421-04:00 DEBUG 15636 --- [Trinity Clinic Manager] [main] o.f.c.i.s.SchemaHistoryFactory           : Default schema: null
2026-06-06T01:49:01.452-04:00 DEBUG 15636 --- [Trinity Clinic Manager] [main] org.flywaydb.core.FlywayExecutor         : Scanning for script callbacks ...
2026-06-06T01:49:01.462-04:00 DEBUG 15636 --- [Trinity Clinic Manager] [main] o.f.c.i.c.SqlScriptCallbackFactory       : Scanning for SQL callbacks ...
2026-06-06T01:49:01.503-04:00 DEBUG 15636 --- [Trinity Clinic Manager] [main] o.f.core.internal.command.DbValidate     : Validating migrations ...
2026-06-06T01:49:01.515-04:00 DEBUG 15636 --- [Trinity Clinic Manager] [main] o.f.c.a.c.ClassicConfiguration           : CherryPickConfigurationExtension not found
2026-06-06T01:49:01.580-04:00 DEBUG 15636 --- [Trinity Clinic Manager] [main] o.f.core.internal.scanner.Scanner        : Filtering out resource: db/migration/V1__init_schema.sql (filename: V1__init_schema.sql)
2026-06-06T01:49:01.599-04:00 DEBUG 15636 --- [Trinity Clinic Manager] [main] o.f.core.internal.scanner.Scanner        : Filtering out resource: db/migration/V1__init_schema.sql (filename: V1__init_schema.sql)
2026-06-06T01:49:01.604-04:00 DEBUG 15636 --- [Trinity Clinic Manager] [main] o.f.core.internal.scanner.Scanner        : Filtering out resource: db/migration/V1__init_schema.sql (filename: V1__init_schema.sql)
2026-06-06T01:49:01.605-04:00 DEBUG 15636 --- [Trinity Clinic Manager] [main] o.f.core.internal.scanner.Scanner        : Filtering out resource: db/migration/V1__init_schema.sql (filename: V1__init_schema.sql)
2026-06-06T01:49:01.697-04:00  INFO 15636 --- [Trinity Clinic Manager] [main] o.f.core.internal.command.DbValidate     : Successfully validated 2 migrations (execution time 00:00.189s)
2026-06-06T01:49:01.707-04:00 DEBUG 15636 --- [Trinity Clinic Manager] [main] o.f.core.internal.command.DbSchemas      : Skipping creation of existing schema: "clinic"
2026-06-06T01:49:01.763-04:00 DEBUG 15636 --- [Trinity Clinic Manager] [main] o.f.c.a.c.ClassicConfiguration           : CherryPickConfigurationExtension not found
2026-06-06T01:49:01.767-04:00  INFO 15636 --- [Trinity Clinic Manager] [main] o.f.core.internal.command.DbMigrate      : Current version of schema "clinic": 1
2026-06-06T01:49:01.776-04:00  INFO 15636 --- [Trinity Clinic Manager] [main] o.f.core.internal.command.DbMigrate      : Schema "clinic" is up to date. No migration necessary.
2026-06-06T01:49:01.795-04:00 DEBUG 15636 --- [Trinity Clinic Manager] [main] org.flywaydb.core.FlywayExecutor         : Memory usage: 84 of 120M
2026-06-06T01:49:02.250-04:00  INFO 15636 --- [Trinity Clinic Manager] [main] org.hibernate.orm.jpa                    : HHH008540: Processing PersistenceUnitInfo [name: default]
2026-06-06T01:49:02.428-04:00  INFO 15636 --- [Trinity Clinic Manager] [main] org.hibernate.orm.core                   : HHH000001: Hibernate ORM core version 7.2.12.Final
2026-06-06T01:49:04.089-04:00  INFO 15636 --- [Trinity Clinic Manager] [main] o.s.o.j.p.SpringPersistenceUnitInfo      : No LoadTimeWeaver setup: ignoring JPA class transformer
2026-06-06T01:49:04.276-04:00  WARN 15636 --- [Trinity Clinic Manager] [main] org.hibernate.orm.deprecation            : HHH90000025: PostgreSQLDialect does not need to be specified explicitly using 'hibernate.dialect' (remove the property setting and it will be selected by default)
2026-06-06T01:49:04.348-04:00  INFO 15636 --- [Trinity Clinic Manager] [main] org.hibernate.orm.connections.pooling    : HHH10001005: Database info:
	Database JDBC URL [jdbc:postgresql://localhost:5432/trinity_db?currentSchema=clinic]
	Database driver: PostgreSQL JDBC Driver
	Database dialect: PostgreSQLDialect
	Database version: 18.4
	Default catalog/schema: trinity_db/clinic
	Autocommit mode: undefined/unknown
	Isolation level: READ_COMMITTED [default READ_COMMITTED]
	JDBC fetch size: none
	Pool: DataSourceConnectionProvider
	Minimum pool size: undefined/unknown
	Maximum pool size: undefined/unknown
2026-06-06T01:49:07.462-04:00  INFO 15636 --- [Trinity Clinic Manager] [main] org.hibernate.orm.core                   : HHH000489: No JTA platform available (set 'hibernate.transaction.jta.platform' to enable JTA platform integration)
2026-06-06T01:49:07.588-04:00  INFO 15636 --- [Trinity Clinic Manager] [main] j.LocalContainerEntityManagerFactoryBean : Initialized JPA EntityManagerFactory for persistence unit 'default'
2026-06-06T01:49:07.787-04:00  INFO 15636 --- [Trinity Clinic Manager] [main] o.s.d.j.r.query.QueryEnhancerFactories   : Hibernate is in classpath; If applicable, HQL parser will be used.
2026-06-06T01:49:09.017-04:00  WARN 15636 --- [Trinity Clinic Manager] [main] r$InitializeUserDetailsManagerConfigurer : Global AuthenticationManager configured with an AuthenticationProvider bean. UserDetailsService beans will not be used by Spring Security for automatically configuring username/password login. Consider removing the AuthenticationProvider bean. Alternatively, consider using the UserDetailsService in a manually instantiated DaoAuthenticationProvider. If the current configuration is intentional, to turn off this warning, increase the logging level of 'org.springframework.security.config.annotation.authentication.configuration.InitializeUserDetailsBeanManagerConfigurer' to ERROR
2026-06-06T01:49:14.242-04:00  INFO 15636 --- [Trinity Clinic Manager] [main] c.r.stream.impl.StreamEnvironment        : Connecting to localhost with guest user, assuming development environment
2026-06-06T01:49:14.243-04:00  INFO 15636 --- [Trinity Clinic Manager] [main] c.r.stream.impl.StreamEnvironment        : Using address resolver to always connect to localhost
2026-06-06T01:49:15.153-04:00  INFO 15636 --- [Trinity Clinic Manager] [main] o.s.b.a.e.web.EndpointLinksResolver      : Exposing 1 endpoint beneath base path '/actuator'
2026-06-06T01:49:15.550-04:00  INFO 15636 --- [Trinity Clinic Manager] [main] o.s.boot.tomcat.TomcatWebServer          : Tomcat started on port 8080 (http) with context path '/trinity'
2026-06-06T01:49:15.580-04:00  INFO 15636 --- [Trinity Clinic Manager] [main] i.s.s.t.services.TrinityApplication      : Started TrinityApplication in 26.379 seconds (process running for 30.452)
2026-06-06T01:49:15.604-04:00  INFO 15636 --- [Trinity Clinic Manager] [main] i.s.s.t.s.middleware.ApplicationReady    : Application [[31mTrinity Clinic Manager[0m] entièrement initialisée
2026-06-06T01:49:26.153-04:00  INFO 15636 --- [Trinity Clinic Manager] [http-nio-8080-exec-1] o.apache.tomcat.util.http.parser.Cookie  : A cookie header was received [g_state={"i_l":0,"i_ll":1780527310595,"i_b":"RrnF9rn4h5bAm0uPO0FhumpPXVQEEacpBt0St9R0O9w","i_e":{"enable_itp_optimization":0},"i_et":1778615391785};] that contained an invalid cookie. That cookie will be ignored.
 Note: further occurrences of this error will be logged at DEBUG level.
2026-06-06T01:49:26.403-04:00  INFO 15636 --- [Trinity Clinic Manager] [http-nio-8080-exec-1] o.a.c.c.C.[.[localhost].[/trinity]       : Initializing Spring DispatcherServlet 'dispatcherServlet'
2026-06-06T01:49:26.417-04:00  INFO 15636 --- [Trinity Clinic Manager] [http-nio-8080-exec-1] o.s.web.servlet.DispatcherServlet        : Initializing Servlet 'dispatcherServlet'
2026-06-06T01:49:26.476-04:00  INFO 15636 --- [Trinity Clinic Manager] [http-nio-8080-exec-1] o.s.web.servlet.DispatcherServlet        : Completed initialization in 46 ms
2026-06-06T01:50:28.758-04:00  WARN 15636 --- [Trinity Clinic Manager] [http-nio-8080-exec-6] ration$PageModule$WarningLoggingModifier : Serializing PageImpl instances as-is is not supported, meaning that there is no guarantee about the stability of the resulting JSON structure!
	For a stable JSON structure, please use Spring Data's PagedModel (globally via @EnableSpringDataWebSupport(pageSerializationMode = VIA_DTO))
	or Spring HATEOAS and Spring Data's PagedResourcesAssembler as documented in https://docs.spring.io/spring-data/commons/reference/repositories/core-extensions.html#core.web.pageables.

2026-06-06T03:32:18.428-04:00  INFO 15636 --- [Trinity Clinic Manager] [SpringApplicationShutdownHook] o.s.boot.tomcat.GracefulShutdown         : Commencing graceful shutdown. Waiting for active requests to complete
2026-06-06T03:32:18.448-04:00  INFO 15636 --- [Trinity Clinic Manager] [tomcat-shutdown] o.s.boot.tomcat.GracefulShutdown         : Graceful shutdown complete
2026-06-06T03:32:19.698-04:00  INFO 15636 --- [Trinity Clinic Manager] [SpringApplicationShutdownHook] j.LocalContainerEntityManagerFactoryBean : Closing JPA EntityManagerFactory for persistence unit 'default'
2026-06-06T03:32:19.708-04:00  INFO 15636 --- [Trinity Clinic Manager] [SpringApplicationShutdownHook] com.zaxxer.hikari.HikariDataSource       : HikariPool-1 - Shutdown initiated...
2026-06-06T03:32:19.720-04:00  INFO 15636 --- [Trinity Clinic Manager] [SpringApplicationShutdownHook] com.zaxxer.hikari.HikariDataSource       : HikariPool-1 - Shutdown completed.
2026-06-06T03:32:46.063-04:00  INFO 25172 --- [Trinity Clinic Manager] [main] i.s.s.t.services.TrinityApplication      : Starting TrinityApplication using Java 21.0.10 with PID 25172 (G:\DevSpace\backend\clinique-trinite\services\target\classes started by Gennesis in G:\DevSpace\backend\clinique-trinite)
2026-06-06T03:32:46.080-04:00 DEBUG 25172 --- [Trinity Clinic Manager] [main] i.s.s.t.services.TrinityApplication      : Running with Spring Boot v4.0.6, Spring v7.0.7
2026-06-06T03:32:46.087-04:00  INFO 25172 --- [Trinity Clinic Manager] [main] i.s.s.t.services.TrinityApplication      : The following 1 profile is active: "dev"
2026-06-06T03:32:49.638-04:00  INFO 25172 --- [Trinity Clinic Manager] [main] .s.d.r.c.RepositoryConfigurationDelegate : Multiple Spring Data modules found, entering strict repository configuration mode
2026-06-06T03:32:49.641-04:00  INFO 25172 --- [Trinity Clinic Manager] [main] .s.d.r.c.RepositoryConfigurationDelegate : Bootstrapping Spring Data JPA repositories in DEFAULT mode.
2026-06-06T03:32:50.251-04:00  INFO 25172 --- [Trinity Clinic Manager] [main] .s.d.r.c.RepositoryConfigurationDelegate : Finished Spring Data repository scanning in 565 ms. Found 2 JPA repository interfaces.
2026-06-06T03:32:51.872-04:00  INFO 25172 --- [Trinity Clinic Manager] [main] .s.d.r.c.RepositoryConfigurationDelegate : Multiple Spring Data modules found, entering strict repository configuration mode
2026-06-06T03:32:51.876-04:00  INFO 25172 --- [Trinity Clinic Manager] [main] .s.d.r.c.RepositoryConfigurationDelegate : Bootstrapping Spring Data Redis repositories in DEFAULT mode.
2026-06-06T03:32:51.945-04:00  INFO 25172 --- [Trinity Clinic Manager] [main] .s.d.r.c.RepositoryConfigurationDelegate : Finished Spring Data repository scanning in 31 ms. Found 0 Redis repository interfaces.
2026-06-06T03:32:54.134-04:00  INFO 25172 --- [Trinity Clinic Manager] [main] o.s.boot.tomcat.TomcatWebServer          : Tomcat initialized with port 8080 (http)
2026-06-06T03:32:54.170-04:00  INFO 25172 --- [Trinity Clinic Manager] [main] o.apache.catalina.core.StandardService   : Starting service [Tomcat]
2026-06-06T03:32:54.172-04:00  INFO 25172 --- [Trinity Clinic Manager] [main] o.apache.catalina.core.StandardEngine    : Starting Servlet engine: [Apache Tomcat/11.0.21]
2026-06-06T03:32:54.377-04:00  INFO 25172 --- [Trinity Clinic Manager] [main] b.w.c.s.WebApplicationContextInitializer : Root WebApplicationContext: initialization completed in 8028 ms
2026-06-06T03:32:55.443-04:00 DEBUG 25172 --- [Trinity Clinic Manager] [main] o.f.c.i.s.classpath.ClassPathScanner     : Scanning for classpath resources at 'classpath:db/callback' ...
2026-06-06T03:32:55.445-04:00 DEBUG 25172 --- [Trinity Clinic Manager] [main] o.f.c.i.s.classpath.ClassPathScanner     : Determining location urls for classpath:db/callback using ClassLoader TomcatEmbeddedWebappClassLoader
  context: trinity
  delegate: true
----------> Parent Classloader:
jdk.internal.loader.ClassLoaders$AppClassLoader@76ed5528
 ...
2026-06-06T03:32:55.446-04:00 DEBUG 25172 --- [Trinity Clinic Manager] [main] o.f.c.i.s.classpath.ClassPathScanner     : Unable to resolve location classpath:db/callback.
2026-06-06T03:32:55.448-04:00 DEBUG 25172 --- [Trinity Clinic Manager] [main] o.f.c.i.s.classpath.ClassPathScanner     : Scanning for classpath resources at 'classpath:db/migration' ...
2026-06-06T03:32:55.450-04:00 DEBUG 25172 --- [Trinity Clinic Manager] [main] o.f.c.i.s.classpath.ClassPathScanner     : Determining location urls for classpath:db/migration using ClassLoader TomcatEmbeddedWebappClassLoader
  context: trinity
  delegate: true
----------> Parent Classloader:
jdk.internal.loader.ClassLoaders$AppClassLoader@76ed5528
 ...
2026-06-06T03:32:55.452-04:00 DEBUG 25172 --- [Trinity Clinic Manager] [main] o.f.c.i.s.classpath.ClassPathScanner     : Scanning URL: file:/G:/DevSpace/backend/clinique-trinite/services/target/classes/db/migration
2026-06-06T03:32:55.459-04:00 DEBUG 25172 --- [Trinity Clinic Manager] [main] i.s.c.FileSystemClassPathLocationScanner : Scanning starting at classpath root in filesystem: G:\DevSpace\backend\clinique-trinite\services\target\classes\
2026-06-06T03:32:55.461-04:00 DEBUG 25172 --- [Trinity Clinic Manager] [main] i.s.c.FileSystemClassPathLocationScanner : Scanning for resources in path: G:\DevSpace\backend\clinique-trinite\services\target\classes\db\migration (db/migration)
2026-06-06T03:32:55.468-04:00 DEBUG 25172 --- [Trinity Clinic Manager] [main] o.f.c.i.s.classpath.ClassPathScanner     : Found resource: db/migration/V1__init_schema.sql
2026-06-06T03:32:55.471-04:00 DEBUG 25172 --- [Trinity Clinic Manager] [main] o.f.c.i.s.classpath.ClassPathScanner     : Scanning for classpath resources at 'classpath:db/migration' ...
2026-06-06T03:32:55.472-04:00 DEBUG 25172 --- [Trinity Clinic Manager] [main] o.f.c.i.s.classpath.ClassPathScanner     : Determining location urls for classpath:db/migration using ClassLoader TomcatEmbeddedWebappClassLoader
  context: trinity
  delegate: true
----------> Parent Classloader:
jdk.internal.loader.ClassLoaders$AppClassLoader@76ed5528
 ...
2026-06-06T03:32:55.473-04:00 DEBUG 25172 --- [Trinity Clinic Manager] [main] o.f.c.i.s.classpath.ClassPathScanner     : Scanning URL: file:/G:/DevSpace/backend/clinique-trinite/services/target/classes/db/migration
2026-06-06T03:32:55.475-04:00 DEBUG 25172 --- [Trinity Clinic Manager] [main] o.f.c.i.s.classpath.ClassPathScanner     : Found resource: db/migration/V1__init_schema.sql
2026-06-06T03:32:55.476-04:00 DEBUG 25172 --- [Trinity Clinic Manager] [main] o.f.c.i.s.classpath.ClassPathScanner     : Scanning for classes at classpath:db/migration
2026-06-06T03:32:55.489-04:00  INFO 25172 --- [Trinity Clinic Manager] [main] com.zaxxer.hikari.HikariDataSource       : HikariPool-1 - Starting...
2026-06-06T03:32:56.130-04:00  INFO 25172 --- [Trinity Clinic Manager] [main] com.zaxxer.hikari.pool.HikariPool        : HikariPool-1 - Added connection org.postgresql.jdbc.PgConnection@346330b6
2026-06-06T03:32:56.136-04:00  INFO 25172 --- [Trinity Clinic Manager] [main] com.zaxxer.hikari.HikariDataSource       : HikariPool-1 - Start completed.
2026-06-06T03:32:56.204-04:00 DEBUG 25172 --- [Trinity Clinic Manager] [main] o.f.c.i.resource.ResourceNameValidator   : Validating V1__init_schema.sql
2026-06-06T03:32:56.224-04:00 DEBUG 25172 --- [Trinity Clinic Manager] [main] o.f.c.i.database.DatabaseTypeRegister    : Multiple databases found that handle url 'jdbc:postgresql://localhost:5432/trinity_db?currentSchema=clinic': CockroachDB,PostgreSQL
2026-06-06T03:32:56.226-04:00  INFO 25172 --- [Trinity Clinic Manager] [main] org.flywaydb.core.FlywayExecutor         : Database: jdbc:postgresql://localhost:5432/trinity_db?currentSchema=clinic (PostgreSQL 18.4)
2026-06-06T03:32:56.226-04:00 DEBUG 25172 --- [Trinity Clinic Manager] [main] org.flywaydb.core.FlywayExecutor         : Database Type: PostgreSQL
2026-06-06T03:32:56.226-04:00 DEBUG 25172 --- [Trinity Clinic Manager] [main] org.flywaydb.core.FlywayExecutor         : Driver: PostgreSQL JDBC Driver 42.7.10
2026-06-06T03:32:56.227-04:00 DEBUG 25172 --- [Trinity Clinic Manager] [main] org.flywaydb.core.FlywayExecutor         : DDL Transactions Supported: true
2026-06-06T03:32:56.231-04:00 DEBUG 25172 --- [Trinity Clinic Manager] [main] o.f.c.i.s.SchemaHistoryFactory           : Schemas: clinic
2026-06-06T03:32:56.232-04:00 DEBUG 25172 --- [Trinity Clinic Manager] [main] o.f.c.i.s.SchemaHistoryFactory           : Default schema: null
2026-06-06T03:32:56.272-04:00 DEBUG 25172 --- [Trinity Clinic Manager] [main] org.flywaydb.core.FlywayExecutor         : Scanning for script callbacks ...
2026-06-06T03:32:56.287-04:00 DEBUG 25172 --- [Trinity Clinic Manager] [main] o.f.c.i.c.SqlScriptCallbackFactory       : Scanning for SQL callbacks ...
2026-06-06T03:32:56.344-04:00 DEBUG 25172 --- [Trinity Clinic Manager] [main] o.f.core.internal.command.DbValidate     : Validating migrations ...
2026-06-06T03:32:56.359-04:00 DEBUG 25172 --- [Trinity Clinic Manager] [main] o.f.c.a.c.ClassicConfiguration           : CherryPickConfigurationExtension not found
2026-06-06T03:32:56.436-04:00 DEBUG 25172 --- [Trinity Clinic Manager] [main] o.f.core.internal.scanner.Scanner        : Filtering out resource: db/migration/V1__init_schema.sql (filename: V1__init_schema.sql)
2026-06-06T03:32:56.453-04:00 DEBUG 25172 --- [Trinity Clinic Manager] [main] o.f.core.internal.scanner.Scanner        : Filtering out resource: db/migration/V1__init_schema.sql (filename: V1__init_schema.sql)
2026-06-06T03:32:56.463-04:00 DEBUG 25172 --- [Trinity Clinic Manager] [main] o.f.core.internal.scanner.Scanner        : Filtering out resource: db/migration/V1__init_schema.sql (filename: V1__init_schema.sql)
2026-06-06T03:32:56.464-04:00 DEBUG 25172 --- [Trinity Clinic Manager] [main] o.f.core.internal.scanner.Scanner        : Filtering out resource: db/migration/V1__init_schema.sql (filename: V1__init_schema.sql)
2026-06-06T03:32:56.536-04:00  INFO 25172 --- [Trinity Clinic Manager] [main] o.f.core.internal.command.DbValidate     : Successfully validated 2 migrations (execution time 00:00.187s)
2026-06-06T03:32:56.547-04:00 DEBUG 25172 --- [Trinity Clinic Manager] [main] o.f.core.internal.command.DbSchemas      : Skipping creation of existing schema: "clinic"
2026-06-06T03:32:56.582-04:00 DEBUG 25172 --- [Trinity Clinic Manager] [main] o.f.c.a.c.ClassicConfiguration           : CherryPickConfigurationExtension not found
2026-06-06T03:32:56.595-04:00  INFO 25172 --- [Trinity Clinic Manager] [main] o.f.core.internal.command.DbMigrate      : Current version of schema "clinic": 1
2026-06-06T03:32:56.606-04:00  INFO 25172 --- [Trinity Clinic Manager] [main] o.f.core.internal.command.DbMigrate      : Schema "clinic" is up to date. No migration necessary.
2026-06-06T03:32:56.643-04:00 DEBUG 25172 --- [Trinity Clinic Manager] [main] org.flywaydb.core.FlywayExecutor         : Memory usage: 69 of 120M
2026-06-06T03:32:57.088-04:00  INFO 25172 --- [Trinity Clinic Manager] [main] org.hibernate.orm.jpa                    : HHH008540: Processing PersistenceUnitInfo [name: default]
2026-06-06T03:32:57.250-04:00  INFO 25172 --- [Trinity Clinic Manager] [main] org.hibernate.orm.core                   : HHH000001: Hibernate ORM core version 7.2.12.Final
2026-06-06T03:32:58.831-04:00  INFO 25172 --- [Trinity Clinic Manager] [main] o.s.o.j.p.SpringPersistenceUnitInfo      : No LoadTimeWeaver setup: ignoring JPA class transformer
2026-06-06T03:32:58.980-04:00  WARN 25172 --- [Trinity Clinic Manager] [main] org.hibernate.orm.deprecation            : HHH90000025: PostgreSQLDialect does not need to be specified explicitly using 'hibernate.dialect' (remove the property setting and it will be selected by default)
2026-06-06T03:32:59.027-04:00  INFO 25172 --- [Trinity Clinic Manager] [main] org.hibernate.orm.connections.pooling    : HHH10001005: Database info:
	Database JDBC URL [jdbc:postgresql://localhost:5432/trinity_db?currentSchema=clinic]
	Database driver: PostgreSQL JDBC Driver
	Database dialect: PostgreSQLDialect
	Database version: 18.4
	Default catalog/schema: trinity_db/clinic
	Autocommit mode: undefined/unknown
	Isolation level: READ_COMMITTED [default READ_COMMITTED]
	JDBC fetch size: none
	Pool: DataSourceConnectionProvider
	Minimum pool size: undefined/unknown
	Maximum pool size: undefined/unknown
2026-06-06T03:33:01.789-04:00  INFO 25172 --- [Trinity Clinic Manager] [main] org.hibernate.orm.core                   : HHH000489: No JTA platform available (set 'hibernate.transaction.jta.platform' to enable JTA platform integration)
2026-06-06T03:33:01.914-04:00  INFO 25172 --- [Trinity Clinic Manager] [main] j.LocalContainerEntityManagerFactoryBean : Initialized JPA EntityManagerFactory for persistence unit 'default'
2026-06-06T03:33:02.249-04:00  INFO 25172 --- [Trinity Clinic Manager] [main] o.s.d.j.r.query.QueryEnhancerFactories   : Hibernate is in classpath; If applicable, HQL parser will be used.
2026-06-06T03:33:03.642-04:00  WARN 25172 --- [Trinity Clinic Manager] [main] r$InitializeUserDetailsManagerConfigurer : Global AuthenticationManager configured with an AuthenticationProvider bean. UserDetailsService beans will not be used by Spring Security for automatically configuring username/password login. Consider removing the AuthenticationProvider bean. Alternatively, consider using the UserDetailsService in a manually instantiated DaoAuthenticationProvider. If the current configuration is intentional, to turn off this warning, increase the logging level of 'org.springframework.security.config.annotation.authentication.configuration.InitializeUserDetailsBeanManagerConfigurer' to ERROR
2026-06-06T03:33:09.565-04:00  INFO 25172 --- [Trinity Clinic Manager] [main] c.r.stream.impl.StreamEnvironment        : Connecting to localhost with guest user, assuming development environment
2026-06-06T03:33:09.565-04:00  INFO 25172 --- [Trinity Clinic Manager] [main] c.r.stream.impl.StreamEnvironment        : Using address resolver to always connect to localhost
2026-06-06T03:33:10.385-04:00  INFO 25172 --- [Trinity Clinic Manager] [main] o.s.b.a.e.web.EndpointLinksResolver      : Exposing 1 endpoint beneath base path '/actuator'
2026-06-06T03:33:10.693-04:00  INFO 25172 --- [Trinity Clinic Manager] [main] o.s.boot.tomcat.TomcatWebServer          : Tomcat started on port 8080 (http) with context path '/trinity'
2026-06-06T03:33:10.725-04:00  INFO 25172 --- [Trinity Clinic Manager] [main] i.s.s.t.services.TrinityApplication      : Started TrinityApplication in 26.81 seconds (process running for 31.332)
2026-06-06T03:33:10.767-04:00  INFO 25172 --- [Trinity Clinic Manager] [main] i.s.s.t.s.middleware.ApplicationReady    : Application [[31mTrinity Clinic Manager[0m] entièrement initialisée
2026-06-06T03:33:32.793-04:00  INFO 25172 --- [Trinity Clinic Manager] [http-nio-8080-exec-1] o.apache.tomcat.util.http.parser.Cookie  : A cookie header was received [g_state={"i_l":0,"i_ll":1780527310595,"i_b":"RrnF9rn4h5bAm0uPO0FhumpPXVQEEacpBt0St9R0O9w","i_e":{"enable_itp_optimization":0},"i_et":1778615391785};] that contained an invalid cookie. That cookie will be ignored.
 Note: further occurrences of this error will be logged at DEBUG level.
2026-06-06T03:33:32.851-04:00  INFO 25172 --- [Trinity Clinic Manager] [http-nio-8080-exec-1] o.a.c.c.C.[.[localhost].[/trinity]       : Initializing Spring DispatcherServlet 'dispatcherServlet'
2026-06-06T03:33:32.853-04:00  INFO 25172 --- [Trinity Clinic Manager] [http-nio-8080-exec-1] o.s.web.servlet.DispatcherServlet        : Initializing Servlet 'dispatcherServlet'
2026-06-06T03:33:32.871-04:00  INFO 25172 --- [Trinity Clinic Manager] [http-nio-8080-exec-1] o.s.web.servlet.DispatcherServlet        : Completed initialization in 16 ms
2026-06-06T03:41:31.281-04:00  INFO 25172 --- [Trinity Clinic Manager] [SpringApplicationShutdownHook] o.s.boot.tomcat.GracefulShutdown         : Commencing graceful shutdown. Waiting for active requests to complete
2026-06-06T03:41:31.310-04:00  INFO 25172 --- [Trinity Clinic Manager] [tomcat-shutdown] o.s.boot.tomcat.GracefulShutdown         : Graceful shutdown complete
2026-06-06T03:41:32.658-04:00  INFO 25172 --- [Trinity Clinic Manager] [SpringApplicationShutdownHook] j.LocalContainerEntityManagerFactoryBean : Closing JPA EntityManagerFactory for persistence unit 'default'
2026-06-06T03:41:32.666-04:00  INFO 25172 --- [Trinity Clinic Manager] [SpringApplicationShutdownHook] com.zaxxer.hikari.HikariDataSource       : HikariPool-1 - Shutdown initiated...
2026-06-06T03:41:32.677-04:00  INFO 25172 --- [Trinity Clinic Manager] [SpringApplicationShutdownHook] com.zaxxer.hikari.HikariDataSource       : HikariPool-1 - Shutdown completed.
2026-06-06T03:41:44.601-04:00  INFO 9888 --- [Trinity Clinic Manager] [main] i.s.s.t.services.TrinityApplication      : Starting TrinityApplication using Java 21.0.10 with PID 9888 (G:\DevSpace\backend\clinique-trinite\services\target\classes started by Gennesis in G:\DevSpace\backend\clinique-trinite)
2026-06-06T03:41:44.613-04:00 DEBUG 9888 --- [Trinity Clinic Manager] [main] i.s.s.t.services.TrinityApplication      : Running with Spring Boot v4.0.6, Spring v7.0.7
2026-06-06T03:41:44.615-04:00  INFO 9888 --- [Trinity Clinic Manager] [main] i.s.s.t.services.TrinityApplication      : The following 1 profile is active: "dev"
2026-06-06T03:41:48.091-04:00  INFO 9888 --- [Trinity Clinic Manager] [main] .s.d.r.c.RepositoryConfigurationDelegate : Multiple Spring Data modules found, entering strict repository configuration mode
2026-06-06T03:41:48.092-04:00  INFO 9888 --- [Trinity Clinic Manager] [main] .s.d.r.c.RepositoryConfigurationDelegate : Bootstrapping Spring Data JPA repositories in DEFAULT mode.
2026-06-06T03:41:48.614-04:00  INFO 9888 --- [Trinity Clinic Manager] [main] .s.d.r.c.RepositoryConfigurationDelegate : Finished Spring Data repository scanning in 467 ms. Found 2 JPA repository interfaces.
2026-06-06T03:41:49.924-04:00  INFO 9888 --- [Trinity Clinic Manager] [main] .s.d.r.c.RepositoryConfigurationDelegate : Multiple Spring Data modules found, entering strict repository configuration mode
2026-06-06T03:41:49.927-04:00  INFO 9888 --- [Trinity Clinic Manager] [main] .s.d.r.c.RepositoryConfigurationDelegate : Bootstrapping Spring Data Redis repositories in DEFAULT mode.
2026-06-06T03:41:49.972-04:00  INFO 9888 --- [Trinity Clinic Manager] [main] .s.d.r.c.RepositoryConfigurationDelegate : Finished Spring Data repository scanning in 21 ms. Found 0 Redis repository interfaces.
2026-06-06T03:41:52.073-04:00  INFO 9888 --- [Trinity Clinic Manager] [main] o.s.boot.tomcat.TomcatWebServer          : Tomcat initialized with port 8080 (http)
2026-06-06T03:41:52.112-04:00  INFO 9888 --- [Trinity Clinic Manager] [main] o.apache.catalina.core.StandardService   : Starting service [Tomcat]
2026-06-06T03:41:52.114-04:00  INFO 9888 --- [Trinity Clinic Manager] [main] o.apache.catalina.core.StandardEngine    : Starting Servlet engine: [Apache Tomcat/11.0.21]
2026-06-06T03:41:52.392-04:00  INFO 9888 --- [Trinity Clinic Manager] [main] b.w.c.s.WebApplicationContextInitializer : Root WebApplicationContext: initialization completed in 7556 ms
2026-06-06T03:41:53.501-04:00 DEBUG 9888 --- [Trinity Clinic Manager] [main] o.f.c.i.s.classpath.ClassPathScanner     : Scanning for classpath resources at 'classpath:db/callback' ...
2026-06-06T03:41:53.502-04:00 DEBUG 9888 --- [Trinity Clinic Manager] [main] o.f.c.i.s.classpath.ClassPathScanner     : Determining location urls for classpath:db/callback using ClassLoader TomcatEmbeddedWebappClassLoader
  context: trinity
  delegate: true
----------> Parent Classloader:
jdk.internal.loader.ClassLoaders$AppClassLoader@76ed5528
 ...
2026-06-06T03:41:53.502-04:00 DEBUG 9888 --- [Trinity Clinic Manager] [main] o.f.c.i.s.classpath.ClassPathScanner     : Unable to resolve location classpath:db/callback.
2026-06-06T03:41:53.503-04:00 DEBUG 9888 --- [Trinity Clinic Manager] [main] o.f.c.i.s.classpath.ClassPathScanner     : Scanning for classpath resources at 'classpath:db/migration' ...
2026-06-06T03:41:53.503-04:00 DEBUG 9888 --- [Trinity Clinic Manager] [main] o.f.c.i.s.classpath.ClassPathScanner     : Determining location urls for classpath:db/migration using ClassLoader TomcatEmbeddedWebappClassLoader
  context: trinity
  delegate: true
----------> Parent Classloader:
jdk.internal.loader.ClassLoaders$AppClassLoader@76ed5528
 ...
2026-06-06T03:41:53.505-04:00 DEBUG 9888 --- [Trinity Clinic Manager] [main] o.f.c.i.s.classpath.ClassPathScanner     : Scanning URL: file:/G:/DevSpace/backend/clinique-trinite/services/target/classes/db/migration
2026-06-06T03:41:53.510-04:00 DEBUG 9888 --- [Trinity Clinic Manager] [main] i.s.c.FileSystemClassPathLocationScanner : Scanning starting at classpath root in filesystem: G:\DevSpace\backend\clinique-trinite\services\target\classes\
2026-06-06T03:41:53.511-04:00 DEBUG 9888 --- [Trinity Clinic Manager] [main] i.s.c.FileSystemClassPathLocationScanner : Scanning for resources in path: G:\DevSpace\backend\clinique-trinite\services\target\classes\db\migration (db/migration)
2026-06-06T03:41:53.517-04:00 DEBUG 9888 --- [Trinity Clinic Manager] [main] o.f.c.i.s.classpath.ClassPathScanner     : Found resource: db/migration/V1__init_schema.sql
2026-06-06T03:41:53.521-04:00 DEBUG 9888 --- [Trinity Clinic Manager] [main] o.f.c.i.s.classpath.ClassPathScanner     : Scanning for classpath resources at 'classpath:db/migration' ...
2026-06-06T03:41:53.522-04:00 DEBUG 9888 --- [Trinity Clinic Manager] [main] o.f.c.i.s.classpath.ClassPathScanner     : Determining location urls for classpath:db/migration using ClassLoader TomcatEmbeddedWebappClassLoader
  context: trinity
  delegate: true
----------> Parent Classloader:
jdk.internal.loader.ClassLoaders$AppClassLoader@76ed5528
 ...
2026-06-06T03:41:53.523-04:00 DEBUG 9888 --- [Trinity Clinic Manager] [main] o.f.c.i.s.classpath.ClassPathScanner     : Scanning URL: file:/G:/DevSpace/backend/clinique-trinite/services/target/classes/db/migration
2026-06-06T03:41:53.524-04:00 DEBUG 9888 --- [Trinity Clinic Manager] [main] o.f.c.i.s.classpath.ClassPathScanner     : Found resource: db/migration/V1__init_schema.sql
2026-06-06T03:41:53.525-04:00 DEBUG 9888 --- [Trinity Clinic Manager] [main] o.f.c.i.s.classpath.ClassPathScanner     : Scanning for classes at classpath:db/migration
2026-06-06T03:41:53.538-04:00  INFO 9888 --- [Trinity Clinic Manager] [main] com.zaxxer.hikari.HikariDataSource       : HikariPool-1 - Starting...
2026-06-06T03:41:54.067-04:00  INFO 9888 --- [Trinity Clinic Manager] [main] com.zaxxer.hikari.pool.HikariPool        : HikariPool-1 - Added connection org.postgresql.jdbc.PgConnection@c86c486
2026-06-06T03:41:54.073-04:00  INFO 9888 --- [Trinity Clinic Manager] [main] com.zaxxer.hikari.HikariDataSource       : HikariPool-1 - Start completed.
2026-06-06T03:41:54.132-04:00 DEBUG 9888 --- [Trinity Clinic Manager] [main] o.f.c.i.resource.ResourceNameValidator   : Validating V1__init_schema.sql
2026-06-06T03:41:54.160-04:00 DEBUG 9888 --- [Trinity Clinic Manager] [main] o.f.c.i.database.DatabaseTypeRegister    : Multiple databases found that handle url 'jdbc:postgresql://localhost:5432/trinity_db?currentSchema=clinic': CockroachDB,PostgreSQL
2026-06-06T03:41:54.163-04:00  INFO 9888 --- [Trinity Clinic Manager] [main] org.flywaydb.core.FlywayExecutor         : Database: jdbc:postgresql://localhost:5432/trinity_db?currentSchema=clinic (PostgreSQL 18.4)
2026-06-06T03:41:54.164-04:00 DEBUG 9888 --- [Trinity Clinic Manager] [main] org.flywaydb.core.FlywayExecutor         : Database Type: PostgreSQL
2026-06-06T03:41:54.165-04:00 DEBUG 9888 --- [Trinity Clinic Manager] [main] org.flywaydb.core.FlywayExecutor         : Driver: PostgreSQL JDBC Driver 42.7.10
2026-06-06T03:41:54.169-04:00 DEBUG 9888 --- [Trinity Clinic Manager] [main] org.flywaydb.core.FlywayExecutor         : DDL Transactions Supported: true
2026-06-06T03:41:54.185-04:00 DEBUG 9888 --- [Trinity Clinic Manager] [main] o.f.c.i.s.SchemaHistoryFactory           : Schemas: clinic
2026-06-06T03:41:54.190-04:00 DEBUG 9888 --- [Trinity Clinic Manager] [main] o.f.c.i.s.SchemaHistoryFactory           : Default schema: null
2026-06-06T03:41:54.239-04:00 DEBUG 9888 --- [Trinity Clinic Manager] [main] org.flywaydb.core.FlywayExecutor         : Scanning for script callbacks ...
2026-06-06T03:41:54.253-04:00 DEBUG 9888 --- [Trinity Clinic Manager] [main] o.f.c.i.c.SqlScriptCallbackFactory       : Scanning for SQL callbacks ...
2026-06-06T03:41:54.309-04:00 DEBUG 9888 --- [Trinity Clinic Manager] [main] o.f.core.internal.command.DbValidate     : Validating migrations ...
2026-06-06T03:41:54.321-04:00 DEBUG 9888 --- [Trinity Clinic Manager] [main] o.f.c.a.c.ClassicConfiguration           : CherryPickConfigurationExtension not found
2026-06-06T03:41:54.371-04:00 DEBUG 9888 --- [Trinity Clinic Manager] [main] o.f.core.internal.scanner.Scanner        : Filtering out resource: db/migration/V1__init_schema.sql (filename: V1__init_schema.sql)
2026-06-06T03:41:54.378-04:00 DEBUG 9888 --- [Trinity Clinic Manager] [main] o.f.core.internal.scanner.Scanner        : Filtering out resource: db/migration/V1__init_schema.sql (filename: V1__init_schema.sql)
2026-06-06T03:41:54.382-04:00 DEBUG 9888 --- [Trinity Clinic Manager] [main] o.f.core.internal.scanner.Scanner        : Filtering out resource: db/migration/V1__init_schema.sql (filename: V1__init_schema.sql)
2026-06-06T03:41:54.382-04:00 DEBUG 9888 --- [Trinity Clinic Manager] [main] o.f.core.internal.scanner.Scanner        : Filtering out resource: db/migration/V1__init_schema.sql (filename: V1__init_schema.sql)
2026-06-06T03:41:54.450-04:00  INFO 9888 --- [Trinity Clinic Manager] [main] o.f.core.internal.command.DbValidate     : Successfully validated 2 migrations (execution time 00:00.137s)
2026-06-06T03:41:54.459-04:00 DEBUG 9888 --- [Trinity Clinic Manager] [main] o.f.core.internal.command.DbSchemas      : Skipping creation of existing schema: "clinic"
2026-06-06T03:41:54.490-04:00 DEBUG 9888 --- [Trinity Clinic Manager] [main] o.f.c.a.c.ClassicConfiguration           : CherryPickConfigurationExtension not found
2026-06-06T03:41:54.496-04:00  INFO 9888 --- [Trinity Clinic Manager] [main] o.f.core.internal.command.DbMigrate      : Current version of schema "clinic": 1
2026-06-06T03:41:54.505-04:00  INFO 9888 --- [Trinity Clinic Manager] [main] o.f.core.internal.command.DbMigrate      : Schema "clinic" is up to date. No migration necessary.
2026-06-06T03:41:54.533-04:00 DEBUG 9888 --- [Trinity Clinic Manager] [main] org.flywaydb.core.FlywayExecutor         : Memory usage: 54 of 80M
2026-06-06T03:41:54.865-04:00  INFO 9888 --- [Trinity Clinic Manager] [main] org.hibernate.orm.jpa                    : HHH008540: Processing PersistenceUnitInfo [name: default]
2026-06-06T03:41:55.100-04:00  INFO 9888 --- [Trinity Clinic Manager] [main] org.hibernate.orm.core                   : HHH000001: Hibernate ORM core version 7.2.12.Final
2026-06-06T03:41:57.034-04:00  INFO 9888 --- [Trinity Clinic Manager] [main] o.s.o.j.p.SpringPersistenceUnitInfo      : No LoadTimeWeaver setup: ignoring JPA class transformer
2026-06-06T03:41:57.281-04:00  WARN 9888 --- [Trinity Clinic Manager] [main] org.hibernate.orm.deprecation            : HHH90000025: PostgreSQLDialect does not need to be specified explicitly using 'hibernate.dialect' (remove the property setting and it will be selected by default)
2026-06-06T03:41:57.352-04:00  INFO 9888 --- [Trinity Clinic Manager] [main] org.hibernate.orm.connections.pooling    : HHH10001005: Database info:
	Database JDBC URL [jdbc:postgresql://localhost:5432/trinity_db?currentSchema=clinic]
	Database driver: PostgreSQL JDBC Driver
	Database dialect: PostgreSQLDialect
	Database version: 18.4
	Default catalog/schema: trinity_db/clinic
	Autocommit mode: undefined/unknown
	Isolation level: READ_COMMITTED [default READ_COMMITTED]
	JDBC fetch size: none
	Pool: DataSourceConnectionProvider
	Minimum pool size: undefined/unknown
	Maximum pool size: undefined/unknown
2026-06-06T03:42:00.596-04:00  INFO 9888 --- [Trinity Clinic Manager] [main] org.hibernate.orm.core                   : HHH000489: No JTA platform available (set 'hibernate.transaction.jta.platform' to enable JTA platform integration)
2026-06-06T03:42:00.713-04:00  INFO 9888 --- [Trinity Clinic Manager] [main] j.LocalContainerEntityManagerFactoryBean : Initialized JPA EntityManagerFactory for persistence unit 'default'
2026-06-06T03:42:00.912-04:00  INFO 9888 --- [Trinity Clinic Manager] [main] o.s.d.j.r.query.QueryEnhancerFactories   : Hibernate is in classpath; If applicable, HQL parser will be used.
2026-06-06T03:42:02.066-04:00  WARN 9888 --- [Trinity Clinic Manager] [main] r$InitializeUserDetailsManagerConfigurer : Global AuthenticationManager configured with an AuthenticationProvider bean. UserDetailsService beans will not be used by Spring Security for automatically configuring username/password login. Consider removing the AuthenticationProvider bean. Alternatively, consider using the UserDetailsService in a manually instantiated DaoAuthenticationProvider. If the current configuration is intentional, to turn off this warning, increase the logging level of 'org.springframework.security.config.annotation.authentication.configuration.InitializeUserDetailsBeanManagerConfigurer' to ERROR
2026-06-06T03:42:07.419-04:00  INFO 9888 --- [Trinity Clinic Manager] [main] c.r.stream.impl.StreamEnvironment        : Connecting to localhost with guest user, assuming development environment
2026-06-06T03:42:07.419-04:00  INFO 9888 --- [Trinity Clinic Manager] [main] c.r.stream.impl.StreamEnvironment        : Using address resolver to always connect to localhost
2026-06-06T03:42:08.139-04:00  INFO 9888 --- [Trinity Clinic Manager] [main] o.s.b.a.e.web.EndpointLinksResolver      : Exposing 1 endpoint beneath base path '/actuator'
2026-06-06T03:42:08.476-04:00  INFO 9888 --- [Trinity Clinic Manager] [main] o.s.boot.tomcat.TomcatWebServer          : Tomcat started on port 8080 (http) with context path '/trinity'
2026-06-06T03:42:08.507-04:00  INFO 9888 --- [Trinity Clinic Manager] [main] i.s.s.t.services.TrinityApplication      : Started TrinityApplication in 25.885 seconds (process running for 30.102)
2026-06-06T03:42:08.528-04:00  INFO 9888 --- [Trinity Clinic Manager] [main] i.s.s.t.s.middleware.ApplicationReady    : Application [[31mTrinity Clinic Manager[0m] entièrement initialisée
2026-06-06T03:42:51.562-04:00  INFO 9888 --- [Trinity Clinic Manager] [http-nio-8080-exec-1] o.a.c.c.C.[.[localhost].[/trinity]       : Initializing Spring DispatcherServlet 'dispatcherServlet'
2026-06-06T03:42:51.563-04:00  INFO 9888 --- [Trinity Clinic Manager] [http-nio-8080-exec-1] o.s.web.servlet.DispatcherServlet        : Initializing Servlet 'dispatcherServlet'
2026-06-06T03:42:51.572-04:00  INFO 9888 --- [Trinity Clinic Manager] [http-nio-8080-exec-1] o.s.web.servlet.DispatcherServlet        : Completed initialization in 7 ms
2026-06-06T03:42:51.883-04:00  INFO 9888 --- [Trinity Clinic Manager] [http-nio-8080-exec-2] o.apache.tomcat.util.http.parser.Cookie  : A cookie header was received [g_state={"i_l":0,"i_ll":1780527310595,"i_b":"RrnF9rn4h5bAm0uPO0FhumpPXVQEEacpBt0St9R0O9w","i_e":{"enable_itp_optimization":0},"i_et":1778615391785};] that contained an invalid cookie. That cookie will be ignored.
 Note: further occurrences of this error will be logged at DEBUG level.
2026-06-06T03:46:16.826-04:00  INFO 9888 --- [Trinity Clinic Manager] [SpringApplicationShutdownHook] o.s.boot.tomcat.GracefulShutdown         : Commencing graceful shutdown. Waiting for active requests to complete
2026-06-06T03:46:16.850-04:00  INFO 9888 --- [Trinity Clinic Manager] [tomcat-shutdown] o.s.boot.tomcat.GracefulShutdown         : Graceful shutdown complete
2026-06-06T03:46:18.001-04:00  INFO 9888 --- [Trinity Clinic Manager] [SpringApplicationShutdownHook] j.LocalContainerEntityManagerFactoryBean : Closing JPA EntityManagerFactory for persistence unit 'default'
2026-06-06T03:46:18.016-04:00  INFO 9888 --- [Trinity Clinic Manager] [SpringApplicationShutdownHook] com.zaxxer.hikari.HikariDataSource       : HikariPool-1 - Shutdown initiated...
2026-06-06T03:46:18.043-04:00  INFO 9888 --- [Trinity Clinic Manager] [SpringApplicationShutdownHook] com.zaxxer.hikari.HikariDataSource       : HikariPool-1 - Shutdown completed.
2026-06-06T03:46:58.166-04:00  INFO 27964 --- [Trinity Clinic Manager] [main] i.s.s.t.services.TrinityApplication      : Starting TrinityApplication using Java 21.0.10 with PID 27964 (G:\DevSpace\backend\clinique-trinite\services\target\classes started by Gennesis in G:\DevSpace\backend\clinique-trinite)
2026-06-06T03:46:58.180-04:00 DEBUG 27964 --- [Trinity Clinic Manager] [main] i.s.s.t.services.TrinityApplication      : Running with Spring Boot v4.0.6, Spring v7.0.7
2026-06-06T03:46:58.184-04:00  INFO 27964 --- [Trinity Clinic Manager] [main] i.s.s.t.services.TrinityApplication      : The following 1 profile is active: "dev"
2026-06-06T03:47:01.935-04:00  INFO 27964 --- [Trinity Clinic Manager] [main] .s.d.r.c.RepositoryConfigurationDelegate : Multiple Spring Data modules found, entering strict repository configuration mode
2026-06-06T03:47:01.936-04:00  INFO 27964 --- [Trinity Clinic Manager] [main] .s.d.r.c.RepositoryConfigurationDelegate : Bootstrapping Spring Data JPA repositories in DEFAULT mode.
2026-06-06T03:47:02.609-04:00  INFO 27964 --- [Trinity Clinic Manager] [main] .s.d.r.c.RepositoryConfigurationDelegate : Finished Spring Data repository scanning in 635 ms. Found 2 JPA repository interfaces.
2026-06-06T03:47:04.268-04:00  INFO 27964 --- [Trinity Clinic Manager] [main] .s.d.r.c.RepositoryConfigurationDelegate : Multiple Spring Data modules found, entering strict repository configuration mode
2026-06-06T03:47:04.273-04:00  INFO 27964 --- [Trinity Clinic Manager] [main] .s.d.r.c.RepositoryConfigurationDelegate : Bootstrapping Spring Data Redis repositories in DEFAULT mode.
2026-06-06T03:47:04.360-04:00  INFO 27964 --- [Trinity Clinic Manager] [main] .s.d.r.c.RepositoryConfigurationDelegate : Finished Spring Data repository scanning in 40 ms. Found 0 Redis repository interfaces.
2026-06-06T03:47:06.758-04:00  INFO 27964 --- [Trinity Clinic Manager] [main] o.s.boot.tomcat.TomcatWebServer          : Tomcat initialized with port 8080 (http)
2026-06-06T03:47:06.793-04:00  INFO 27964 --- [Trinity Clinic Manager] [main] o.apache.catalina.core.StandardService   : Starting service [Tomcat]
2026-06-06T03:47:06.794-04:00  INFO 27964 --- [Trinity Clinic Manager] [main] o.apache.catalina.core.StandardEngine    : Starting Servlet engine: [Apache Tomcat/11.0.21]
2026-06-06T03:47:06.991-04:00  INFO 27964 --- [Trinity Clinic Manager] [main] b.w.c.s.WebApplicationContextInitializer : Root WebApplicationContext: initialization completed in 8459 ms
2026-06-06T03:47:08.122-04:00 DEBUG 27964 --- [Trinity Clinic Manager] [main] o.f.c.i.s.classpath.ClassPathScanner     : Scanning for classpath resources at 'classpath:db/callback' ...
2026-06-06T03:47:08.124-04:00 DEBUG 27964 --- [Trinity Clinic Manager] [main] o.f.c.i.s.classpath.ClassPathScanner     : Determining location urls for classpath:db/callback using ClassLoader TomcatEmbeddedWebappClassLoader
  context: trinity
  delegate: true
----------> Parent Classloader:
jdk.internal.loader.ClassLoaders$AppClassLoader@76ed5528
 ...
2026-06-06T03:47:08.124-04:00 DEBUG 27964 --- [Trinity Clinic Manager] [main] o.f.c.i.s.classpath.ClassPathScanner     : Unable to resolve location classpath:db/callback.
2026-06-06T03:47:08.124-04:00 DEBUG 27964 --- [Trinity Clinic Manager] [main] o.f.c.i.s.classpath.ClassPathScanner     : Scanning for classpath resources at 'classpath:db/migration' ...
2026-06-06T03:47:08.125-04:00 DEBUG 27964 --- [Trinity Clinic Manager] [main] o.f.c.i.s.classpath.ClassPathScanner     : Determining location urls for classpath:db/migration using ClassLoader TomcatEmbeddedWebappClassLoader
  context: trinity
  delegate: true
----------> Parent Classloader:
jdk.internal.loader.ClassLoaders$AppClassLoader@76ed5528
 ...
2026-06-06T03:47:08.127-04:00 DEBUG 27964 --- [Trinity Clinic Manager] [main] o.f.c.i.s.classpath.ClassPathScanner     : Scanning URL: file:/G:/DevSpace/backend/clinique-trinite/services/target/classes/db/migration
2026-06-06T03:47:08.131-04:00 DEBUG 27964 --- [Trinity Clinic Manager] [main] i.s.c.FileSystemClassPathLocationScanner : Scanning starting at classpath root in filesystem: G:\DevSpace\backend\clinique-trinite\services\target\classes\
2026-06-06T03:47:08.132-04:00 DEBUG 27964 --- [Trinity Clinic Manager] [main] i.s.c.FileSystemClassPathLocationScanner : Scanning for resources in path: G:\DevSpace\backend\clinique-trinite\services\target\classes\db\migration (db/migration)
2026-06-06T03:47:08.141-04:00 DEBUG 27964 --- [Trinity Clinic Manager] [main] o.f.c.i.s.classpath.ClassPathScanner     : Found resource: db/migration/V1__init_schema.sql
2026-06-06T03:47:08.148-04:00 DEBUG 27964 --- [Trinity Clinic Manager] [main] o.f.c.i.s.classpath.ClassPathScanner     : Scanning for classpath resources at 'classpath:db/migration' ...
2026-06-06T03:47:08.149-04:00 DEBUG 27964 --- [Trinity Clinic Manager] [main] o.f.c.i.s.classpath.ClassPathScanner     : Determining location urls for classpath:db/migration using ClassLoader TomcatEmbeddedWebappClassLoader
  context: trinity
  delegate: true
----------> Parent Classloader:
jdk.internal.loader.ClassLoaders$AppClassLoader@76ed5528
 ...
2026-06-06T03:47:08.152-04:00 DEBUG 27964 --- [Trinity Clinic Manager] [main] o.f.c.i.s.classpath.ClassPathScanner     : Scanning URL: file:/G:/DevSpace/backend/clinique-trinite/services/target/classes/db/migration
2026-06-06T03:47:08.152-04:00 DEBUG 27964 --- [Trinity Clinic Manager] [main] o.f.c.i.s.classpath.ClassPathScanner     : Found resource: db/migration/V1__init_schema.sql
2026-06-06T03:47:08.153-04:00 DEBUG 27964 --- [Trinity Clinic Manager] [main] o.f.c.i.s.classpath.ClassPathScanner     : Scanning for classes at classpath:db/migration
2026-06-06T03:47:08.170-04:00  INFO 27964 --- [Trinity Clinic Manager] [main] com.zaxxer.hikari.HikariDataSource       : HikariPool-1 - Starting...
2026-06-06T03:47:08.794-04:00  INFO 27964 --- [Trinity Clinic Manager] [main] com.zaxxer.hikari.pool.HikariPool        : HikariPool-1 - Added connection org.postgresql.jdbc.PgConnection@66d61298
2026-06-06T03:47:08.801-04:00  INFO 27964 --- [Trinity Clinic Manager] [main] com.zaxxer.hikari.HikariDataSource       : HikariPool-1 - Start completed.
2026-06-06T03:47:08.866-04:00 DEBUG 27964 --- [Trinity Clinic Manager] [main] o.f.c.i.resource.ResourceNameValidator   : Validating V1__init_schema.sql
2026-06-06T03:47:08.884-04:00 DEBUG 27964 --- [Trinity Clinic Manager] [main] o.f.c.i.database.DatabaseTypeRegister    : Multiple databases found that handle url 'jdbc:postgresql://localhost:5432/trinity_db?currentSchema=clinic': CockroachDB,PostgreSQL
2026-06-06T03:47:08.886-04:00  INFO 27964 --- [Trinity Clinic Manager] [main] org.flywaydb.core.FlywayExecutor         : Database: jdbc:postgresql://localhost:5432/trinity_db?currentSchema=clinic (PostgreSQL 18.4)
2026-06-06T03:47:08.886-04:00 DEBUG 27964 --- [Trinity Clinic Manager] [main] org.flywaydb.core.FlywayExecutor         : Database Type: PostgreSQL
2026-06-06T03:47:08.886-04:00 DEBUG 27964 --- [Trinity Clinic Manager] [main] org.flywaydb.core.FlywayExecutor         : Driver: PostgreSQL JDBC Driver 42.7.10
2026-06-06T03:47:08.887-04:00 DEBUG 27964 --- [Trinity Clinic Manager] [main] org.flywaydb.core.FlywayExecutor         : DDL Transactions Supported: true
2026-06-06T03:47:08.891-04:00 DEBUG 27964 --- [Trinity Clinic Manager] [main] o.f.c.i.s.SchemaHistoryFactory           : Schemas: clinic
2026-06-06T03:47:08.892-04:00 DEBUG 27964 --- [Trinity Clinic Manager] [main] o.f.c.i.s.SchemaHistoryFactory           : Default schema: null
2026-06-06T03:47:08.925-04:00 DEBUG 27964 --- [Trinity Clinic Manager] [main] org.flywaydb.core.FlywayExecutor         : Scanning for script callbacks ...
2026-06-06T03:47:08.940-04:00 DEBUG 27964 --- [Trinity Clinic Manager] [main] o.f.c.i.c.SqlScriptCallbackFactory       : Scanning for SQL callbacks ...
2026-06-06T03:47:08.983-04:00 DEBUG 27964 --- [Trinity Clinic Manager] [main] o.f.core.internal.command.DbValidate     : Validating migrations ...
2026-06-06T03:47:08.993-04:00 DEBUG 27964 --- [Trinity Clinic Manager] [main] o.f.c.a.c.ClassicConfiguration           : CherryPickConfigurationExtension not found
2026-06-06T03:47:09.046-04:00 DEBUG 27964 --- [Trinity Clinic Manager] [main] o.f.core.internal.scanner.Scanner        : Filtering out resource: db/migration/V1__init_schema.sql (filename: V1__init_schema.sql)
2026-06-06T03:47:09.056-04:00 DEBUG 27964 --- [Trinity Clinic Manager] [main] o.f.core.internal.scanner.Scanner        : Filtering out resource: db/migration/V1__init_schema.sql (filename: V1__init_schema.sql)
2026-06-06T03:47:09.063-04:00 DEBUG 27964 --- [Trinity Clinic Manager] [main] o.f.core.internal.scanner.Scanner        : Filtering out resource: db/migration/V1__init_schema.sql (filename: V1__init_schema.sql)
2026-06-06T03:47:09.064-04:00 DEBUG 27964 --- [Trinity Clinic Manager] [main] o.f.core.internal.scanner.Scanner        : Filtering out resource: db/migration/V1__init_schema.sql (filename: V1__init_schema.sql)
2026-06-06T03:47:09.143-04:00  INFO 27964 --- [Trinity Clinic Manager] [main] o.f.core.internal.command.DbValidate     : Successfully validated 2 migrations (execution time 00:00.156s)
2026-06-06T03:47:09.155-04:00 DEBUG 27964 --- [Trinity Clinic Manager] [main] o.f.core.internal.command.DbSchemas      : Skipping creation of existing schema: "clinic"
2026-06-06T03:47:09.189-04:00 DEBUG 27964 --- [Trinity Clinic Manager] [main] o.f.c.a.c.ClassicConfiguration           : CherryPickConfigurationExtension not found
2026-06-06T03:47:09.194-04:00  INFO 27964 --- [Trinity Clinic Manager] [main] o.f.core.internal.command.DbMigrate      : Current version of schema "clinic": 1
2026-06-06T03:47:09.206-04:00  INFO 27964 --- [Trinity Clinic Manager] [main] o.f.core.internal.command.DbMigrate      : Schema "clinic" is up to date. No migration necessary.
2026-06-06T03:47:09.235-04:00 DEBUG 27964 --- [Trinity Clinic Manager] [main] org.flywaydb.core.FlywayExecutor         : Memory usage: 56 of 120M
2026-06-06T03:47:09.654-04:00  INFO 27964 --- [Trinity Clinic Manager] [main] org.hibernate.orm.jpa                    : HHH008540: Processing PersistenceUnitInfo [name: default]
2026-06-06T03:47:09.813-04:00  INFO 27964 --- [Trinity Clinic Manager] [main] org.hibernate.orm.core                   : HHH000001: Hibernate ORM core version 7.2.12.Final
2026-06-06T03:47:11.688-04:00  INFO 27964 --- [Trinity Clinic Manager] [main] o.s.o.j.p.SpringPersistenceUnitInfo      : No LoadTimeWeaver setup: ignoring JPA class transformer
2026-06-06T03:47:11.896-04:00  WARN 27964 --- [Trinity Clinic Manager] [main] org.hibernate.orm.deprecation            : HHH90000025: PostgreSQLDialect does not need to be specified explicitly using 'hibernate.dialect' (remove the property setting and it will be selected by default)
2026-06-06T03:47:11.967-04:00  INFO 27964 --- [Trinity Clinic Manager] [main] org.hibernate.orm.connections.pooling    : HHH10001005: Database info:
	Database JDBC URL [jdbc:postgresql://localhost:5432/trinity_db?currentSchema=clinic]
	Database driver: PostgreSQL JDBC Driver
	Database dialect: PostgreSQLDialect
	Database version: 18.4
	Default catalog/schema: trinity_db/clinic
	Autocommit mode: undefined/unknown
	Isolation level: READ_COMMITTED [default READ_COMMITTED]
	JDBC fetch size: none
	Pool: DataSourceConnectionProvider
	Minimum pool size: undefined/unknown
	Maximum pool size: undefined/unknown
2026-06-06T03:47:15.587-04:00  INFO 27964 --- [Trinity Clinic Manager] [main] org.hibernate.orm.core                   : HHH000489: No JTA platform available (set 'hibernate.transaction.jta.platform' to enable JTA platform integration)
2026-06-06T03:47:15.730-04:00  INFO 27964 --- [Trinity Clinic Manager] [main] j.LocalContainerEntityManagerFactoryBean : Initialized JPA EntityManagerFactory for persistence unit 'default'
2026-06-06T03:47:15.967-04:00  INFO 27964 --- [Trinity Clinic Manager] [main] o.s.d.j.r.query.QueryEnhancerFactories   : Hibernate is in classpath; If applicable, HQL parser will be used.
2026-06-06T03:47:17.251-04:00  WARN 27964 --- [Trinity Clinic Manager] [main] r$InitializeUserDetailsManagerConfigurer : Global AuthenticationManager configured with an AuthenticationProvider bean. UserDetailsService beans will not be used by Spring Security for automatically configuring username/password login. Consider removing the AuthenticationProvider bean. Alternatively, consider using the UserDetailsService in a manually instantiated DaoAuthenticationProvider. If the current configuration is intentional, to turn off this warning, increase the logging level of 'org.springframework.security.config.annotation.authentication.configuration.InitializeUserDetailsBeanManagerConfigurer' to ERROR
2026-06-06T03:47:22.905-04:00  INFO 27964 --- [Trinity Clinic Manager] [main] c.r.stream.impl.StreamEnvironment        : Connecting to localhost with guest user, assuming development environment
2026-06-06T03:47:22.906-04:00  INFO 27964 --- [Trinity Clinic Manager] [main] c.r.stream.impl.StreamEnvironment        : Using address resolver to always connect to localhost
2026-06-06T03:47:23.790-04:00  INFO 27964 --- [Trinity Clinic Manager] [main] o.s.b.a.e.web.EndpointLinksResolver      : Exposing 1 endpoint beneath base path '/actuator'
2026-06-06T03:47:24.107-04:00  INFO 27964 --- [Trinity Clinic Manager] [main] o.s.boot.tomcat.TomcatWebServer          : Tomcat started on port 8080 (http) with context path '/trinity'
2026-06-06T03:47:24.141-04:00  INFO 27964 --- [Trinity Clinic Manager] [main] i.s.s.t.services.TrinityApplication      : Started TrinityApplication in 28.106 seconds (process running for 32.433)
2026-06-06T03:47:24.167-04:00  INFO 27964 --- [Trinity Clinic Manager] [main] i.s.s.t.s.middleware.ApplicationReady    : Application [[31mTrinity Clinic Manager[0m] entièrement initialisée
2026-06-06T03:48:05.919-04:00  INFO 27964 --- [Trinity Clinic Manager] [http-nio-8080-exec-2] o.a.c.c.C.[.[localhost].[/trinity]       : Initializing Spring DispatcherServlet 'dispatcherServlet'
2026-06-06T03:48:05.920-04:00  INFO 27964 --- [Trinity Clinic Manager] [http-nio-8080-exec-2] o.s.web.servlet.DispatcherServlet        : Initializing Servlet 'dispatcherServlet'
2026-06-06T03:48:05.927-04:00  INFO 27964 --- [Trinity Clinic Manager] [http-nio-8080-exec-2] o.s.web.servlet.DispatcherServlet        : Completed initialization in 6 ms
2026-06-06T03:48:06.226-04:00  INFO 27964 --- [Trinity Clinic Manager] [http-nio-8080-exec-1] o.apache.tomcat.util.http.parser.Cookie  : A cookie header was received [g_state={"i_l":0,"i_ll":1780527310595,"i_b":"RrnF9rn4h5bAm0uPO0FhumpPXVQEEacpBt0St9R0O9w","i_e":{"enable_itp_optimization":0},"i_et":1778615391785};] that contained an invalid cookie. That cookie will be ignored.
 Note: further occurrences of this error will be logged at DEBUG level.
2026-06-06T03:48:56.464-04:00  INFO 27964 --- [Trinity Clinic Manager] [SpringApplicationShutdownHook] o.s.boot.tomcat.GracefulShutdown         : Commencing graceful shutdown. Waiting for active requests to complete
2026-06-06T03:48:56.494-04:00  INFO 27964 --- [Trinity Clinic Manager] [tomcat-shutdown] o.s.boot.tomcat.GracefulShutdown         : Graceful shutdown complete
2026-06-06T03:48:57.712-04:00  INFO 27964 --- [Trinity Clinic Manager] [SpringApplicationShutdownHook] j.LocalContainerEntityManagerFactoryBean : Closing JPA EntityManagerFactory for persistence unit 'default'
2026-06-06T03:48:57.718-04:00  INFO 27964 --- [Trinity Clinic Manager] [SpringApplicationShutdownHook] com.zaxxer.hikari.HikariDataSource       : HikariPool-1 - Shutdown initiated...
2026-06-06T03:48:57.732-04:00  INFO 27964 --- [Trinity Clinic Manager] [SpringApplicationShutdownHook] com.zaxxer.hikari.HikariDataSource       : HikariPool-1 - Shutdown completed.
2026-06-06T03:53:50.232-04:00  INFO 27276 --- [Trinity Clinic Manager] [main] i.s.s.t.services.TrinityApplication      : Starting TrinityApplication using Java 21.0.10 with PID 27276 (G:\DevSpace\backend\clinique-trinite\services\target\classes started by Gennesis in G:\DevSpace\backend\clinique-trinite)
2026-06-06T03:53:50.250-04:00 DEBUG 27276 --- [Trinity Clinic Manager] [main] i.s.s.t.services.TrinityApplication      : Running with Spring Boot v4.0.6, Spring v7.0.7
2026-06-06T03:53:50.253-04:00  INFO 27276 --- [Trinity Clinic Manager] [main] i.s.s.t.services.TrinityApplication      : The following 1 profile is active: "dev"
2026-06-06T03:53:53.944-04:00  INFO 27276 --- [Trinity Clinic Manager] [main] .s.d.r.c.RepositoryConfigurationDelegate : Multiple Spring Data modules found, entering strict repository configuration mode
2026-06-06T03:53:53.946-04:00  INFO 27276 --- [Trinity Clinic Manager] [main] .s.d.r.c.RepositoryConfigurationDelegate : Bootstrapping Spring Data JPA repositories in DEFAULT mode.
2026-06-06T03:53:54.515-04:00  INFO 27276 --- [Trinity Clinic Manager] [main] .s.d.r.c.RepositoryConfigurationDelegate : Finished Spring Data repository scanning in 534 ms. Found 2 JPA repository interfaces.
2026-06-06T03:53:55.969-04:00  INFO 27276 --- [Trinity Clinic Manager] [main] .s.d.r.c.RepositoryConfigurationDelegate : Multiple Spring Data modules found, entering strict repository configuration mode
2026-06-06T03:53:55.972-04:00  INFO 27276 --- [Trinity Clinic Manager] [main] .s.d.r.c.RepositoryConfigurationDelegate : Bootstrapping Spring Data Redis repositories in DEFAULT mode.
2026-06-06T03:53:56.019-04:00  INFO 27276 --- [Trinity Clinic Manager] [main] .s.d.r.c.RepositoryConfigurationDelegate : Finished Spring Data repository scanning in 21 ms. Found 0 Redis repository interfaces.
2026-06-06T03:53:58.541-04:00  INFO 27276 --- [Trinity Clinic Manager] [main] o.s.boot.tomcat.TomcatWebServer          : Tomcat initialized with port 8080 (http)
2026-06-06T03:53:58.587-04:00  INFO 27276 --- [Trinity Clinic Manager] [main] o.apache.catalina.core.StandardService   : Starting service [Tomcat]
2026-06-06T03:53:58.588-04:00  INFO 27276 --- [Trinity Clinic Manager] [main] o.apache.catalina.core.StandardEngine    : Starting Servlet engine: [Apache Tomcat/11.0.21]
2026-06-06T03:53:58.903-04:00  INFO 27276 --- [Trinity Clinic Manager] [main] b.w.c.s.WebApplicationContextInitializer : Root WebApplicationContext: initialization completed in 8396 ms
2026-06-06T03:54:00.002-04:00 DEBUG 27276 --- [Trinity Clinic Manager] [main] o.f.c.i.s.classpath.ClassPathScanner     : Scanning for classpath resources at 'classpath:db/callback' ...
2026-06-06T03:54:00.003-04:00 DEBUG 27276 --- [Trinity Clinic Manager] [main] o.f.c.i.s.classpath.ClassPathScanner     : Determining location urls for classpath:db/callback using ClassLoader TomcatEmbeddedWebappClassLoader
  context: trinity
  delegate: true
----------> Parent Classloader:
jdk.internal.loader.ClassLoaders$AppClassLoader@76ed5528
 ...
2026-06-06T03:54:00.004-04:00 DEBUG 27276 --- [Trinity Clinic Manager] [main] o.f.c.i.s.classpath.ClassPathScanner     : Unable to resolve location classpath:db/callback.
2026-06-06T03:54:00.005-04:00 DEBUG 27276 --- [Trinity Clinic Manager] [main] o.f.c.i.s.classpath.ClassPathScanner     : Scanning for classpath resources at 'classpath:db/migration' ...
2026-06-06T03:54:00.005-04:00 DEBUG 27276 --- [Trinity Clinic Manager] [main] o.f.c.i.s.classpath.ClassPathScanner     : Determining location urls for classpath:db/migration using ClassLoader TomcatEmbeddedWebappClassLoader
  context: trinity
  delegate: true
----------> Parent Classloader:
jdk.internal.loader.ClassLoaders$AppClassLoader@76ed5528
 ...
2026-06-06T03:54:00.006-04:00 DEBUG 27276 --- [Trinity Clinic Manager] [main] o.f.c.i.s.classpath.ClassPathScanner     : Scanning URL: file:/G:/DevSpace/backend/clinique-trinite/services/target/classes/db/migration
2026-06-06T03:54:00.011-04:00 DEBUG 27276 --- [Trinity Clinic Manager] [main] i.s.c.FileSystemClassPathLocationScanner : Scanning starting at classpath root in filesystem: G:\DevSpace\backend\clinique-trinite\services\target\classes\
2026-06-06T03:54:00.013-04:00 DEBUG 27276 --- [Trinity Clinic Manager] [main] i.s.c.FileSystemClassPathLocationScanner : Scanning for resources in path: G:\DevSpace\backend\clinique-trinite\services\target\classes\db\migration (db/migration)
2026-06-06T03:54:00.024-04:00 DEBUG 27276 --- [Trinity Clinic Manager] [main] o.f.c.i.s.classpath.ClassPathScanner     : Found resource: db/migration/V1__init_schema.sql
2026-06-06T03:54:00.028-04:00 DEBUG 27276 --- [Trinity Clinic Manager] [main] o.f.c.i.s.classpath.ClassPathScanner     : Scanning for classpath resources at 'classpath:db/migration' ...
2026-06-06T03:54:00.029-04:00 DEBUG 27276 --- [Trinity Clinic Manager] [main] o.f.c.i.s.classpath.ClassPathScanner     : Determining location urls for classpath:db/migration using ClassLoader TomcatEmbeddedWebappClassLoader
  context: trinity
  delegate: true
----------> Parent Classloader:
jdk.internal.loader.ClassLoaders$AppClassLoader@76ed5528
 ...
2026-06-06T03:54:00.031-04:00 DEBUG 27276 --- [Trinity Clinic Manager] [main] o.f.c.i.s.classpath.ClassPathScanner     : Scanning URL: file:/G:/DevSpace/backend/clinique-trinite/services/target/classes/db/migration
2026-06-06T03:54:00.031-04:00 DEBUG 27276 --- [Trinity Clinic Manager] [main] o.f.c.i.s.classpath.ClassPathScanner     : Found resource: db/migration/V1__init_schema.sql
2026-06-06T03:54:00.033-04:00 DEBUG 27276 --- [Trinity Clinic Manager] [main] o.f.c.i.s.classpath.ClassPathScanner     : Scanning for classes at classpath:db/migration
2026-06-06T03:54:00.045-04:00  INFO 27276 --- [Trinity Clinic Manager] [main] com.zaxxer.hikari.HikariDataSource       : HikariPool-1 - Starting...
2026-06-06T03:54:00.634-04:00  INFO 27276 --- [Trinity Clinic Manager] [main] com.zaxxer.hikari.pool.HikariPool        : HikariPool-1 - Added connection org.postgresql.jdbc.PgConnection@508b4f70
2026-06-06T03:54:00.640-04:00  INFO 27276 --- [Trinity Clinic Manager] [main] com.zaxxer.hikari.HikariDataSource       : HikariPool-1 - Start completed.
2026-06-06T03:54:00.700-04:00 DEBUG 27276 --- [Trinity Clinic Manager] [main] o.f.c.i.resource.ResourceNameValidator   : Validating V1__init_schema.sql
2026-06-06T03:54:00.718-04:00 DEBUG 27276 --- [Trinity Clinic Manager] [main] o.f.c.i.database.DatabaseTypeRegister    : Multiple databases found that handle url 'jdbc:postgresql://localhost:5432/trinity_db?currentSchema=clinic': CockroachDB,PostgreSQL
2026-06-06T03:54:00.720-04:00  INFO 27276 --- [Trinity Clinic Manager] [main] org.flywaydb.core.FlywayExecutor         : Database: jdbc:postgresql://localhost:5432/trinity_db?currentSchema=clinic (PostgreSQL 18.4)
2026-06-06T03:54:00.721-04:00 DEBUG 27276 --- [Trinity Clinic Manager] [main] org.flywaydb.core.FlywayExecutor         : Database Type: PostgreSQL
2026-06-06T03:54:00.722-04:00 DEBUG 27276 --- [Trinity Clinic Manager] [main] org.flywaydb.core.FlywayExecutor         : Driver: PostgreSQL JDBC Driver 42.7.10
2026-06-06T03:54:00.722-04:00 DEBUG 27276 --- [Trinity Clinic Manager] [main] org.flywaydb.core.FlywayExecutor         : DDL Transactions Supported: true
2026-06-06T03:54:00.726-04:00 DEBUG 27276 --- [Trinity Clinic Manager] [main] o.f.c.i.s.SchemaHistoryFactory           : Schemas: clinic
2026-06-06T03:54:00.727-04:00 DEBUG 27276 --- [Trinity Clinic Manager] [main] o.f.c.i.s.SchemaHistoryFactory           : Default schema: null
2026-06-06T03:54:00.756-04:00 DEBUG 27276 --- [Trinity Clinic Manager] [main] org.flywaydb.core.FlywayExecutor         : Scanning for script callbacks ...
2026-06-06T03:54:00.770-04:00 DEBUG 27276 --- [Trinity Clinic Manager] [main] o.f.c.i.c.SqlScriptCallbackFactory       : Scanning for SQL callbacks ...
2026-06-06T03:54:00.812-04:00 DEBUG 27276 --- [Trinity Clinic Manager] [main] o.f.core.internal.command.DbValidate     : Validating migrations ...
2026-06-06T03:54:00.822-04:00 DEBUG 27276 --- [Trinity Clinic Manager] [main] o.f.c.a.c.ClassicConfiguration           : CherryPickConfigurationExtension not found
2026-06-06T03:54:00.855-04:00 DEBUG 27276 --- [Trinity Clinic Manager] [main] o.f.core.internal.scanner.Scanner        : Filtering out resource: db/migration/V1__init_schema.sql (filename: V1__init_schema.sql)
2026-06-06T03:54:00.861-04:00 DEBUG 27276 --- [Trinity Clinic Manager] [main] o.f.core.internal.scanner.Scanner        : Filtering out resource: db/migration/V1__init_schema.sql (filename: V1__init_schema.sql)
2026-06-06T03:54:00.864-04:00 DEBUG 27276 --- [Trinity Clinic Manager] [main] o.f.core.internal.scanner.Scanner        : Filtering out resource: db/migration/V1__init_schema.sql (filename: V1__init_schema.sql)
2026-06-06T03:54:00.865-04:00 DEBUG 27276 --- [Trinity Clinic Manager] [main] o.f.core.internal.scanner.Scanner        : Filtering out resource: db/migration/V1__init_schema.sql (filename: V1__init_schema.sql)
2026-06-06T03:54:00.951-04:00  INFO 27276 --- [Trinity Clinic Manager] [main] o.f.core.internal.command.DbValidate     : Successfully validated 2 migrations (execution time 00:00.134s)
2026-06-06T03:54:00.960-04:00 DEBUG 27276 --- [Trinity Clinic Manager] [main] o.f.core.internal.command.DbSchemas      : Skipping creation of existing schema: "clinic"
2026-06-06T03:54:00.996-04:00 DEBUG 27276 --- [Trinity Clinic Manager] [main] o.f.c.a.c.ClassicConfiguration           : CherryPickConfigurationExtension not found
2026-06-06T03:54:01.003-04:00  INFO 27276 --- [Trinity Clinic Manager] [main] o.f.core.internal.command.DbMigrate      : Current version of schema "clinic": 1
2026-06-06T03:54:01.014-04:00  INFO 27276 --- [Trinity Clinic Manager] [main] o.f.core.internal.command.DbMigrate      : Schema "clinic" is up to date. No migration necessary.
2026-06-06T03:54:01.042-04:00 DEBUG 27276 --- [Trinity Clinic Manager] [main] org.flywaydb.core.FlywayExecutor         : Memory usage: 92 of 120M
2026-06-06T03:54:01.420-04:00  INFO 27276 --- [Trinity Clinic Manager] [main] org.hibernate.orm.jpa                    : HHH008540: Processing PersistenceUnitInfo [name: default]
2026-06-06T03:54:01.616-04:00  INFO 27276 --- [Trinity Clinic Manager] [main] org.hibernate.orm.core                   : HHH000001: Hibernate ORM core version 7.2.12.Final
2026-06-06T03:54:03.164-04:00  INFO 27276 --- [Trinity Clinic Manager] [main] o.s.o.j.p.SpringPersistenceUnitInfo      : No LoadTimeWeaver setup: ignoring JPA class transformer
2026-06-06T03:54:03.353-04:00  WARN 27276 --- [Trinity Clinic Manager] [main] org.hibernate.orm.deprecation            : HHH90000025: PostgreSQLDialect does not need to be specified explicitly using 'hibernate.dialect' (remove the property setting and it will be selected by default)
2026-06-06T03:54:03.413-04:00  INFO 27276 --- [Trinity Clinic Manager] [main] org.hibernate.orm.connections.pooling    : HHH10001005: Database info:
	Database JDBC URL [jdbc:postgresql://localhost:5432/trinity_db?currentSchema=clinic]
	Database driver: PostgreSQL JDBC Driver
	Database dialect: PostgreSQLDialect
	Database version: 18.4
	Default catalog/schema: trinity_db/clinic
	Autocommit mode: undefined/unknown
	Isolation level: READ_COMMITTED [default READ_COMMITTED]
	JDBC fetch size: none
	Pool: DataSourceConnectionProvider
	Minimum pool size: undefined/unknown
	Maximum pool size: undefined/unknown
2026-06-06T03:54:06.294-04:00  INFO 27276 --- [Trinity Clinic Manager] [main] org.hibernate.orm.core                   : HHH000489: No JTA platform available (set 'hibernate.transaction.jta.platform' to enable JTA platform integration)
2026-06-06T03:54:06.447-04:00  INFO 27276 --- [Trinity Clinic Manager] [main] j.LocalContainerEntityManagerFactoryBean : Initialized JPA EntityManagerFactory for persistence unit 'default'
2026-06-06T03:54:06.762-04:00  INFO 27276 --- [Trinity Clinic Manager] [main] o.s.d.j.r.query.QueryEnhancerFactories   : Hibernate is in classpath; If applicable, HQL parser will be used.
2026-06-06T03:54:07.909-04:00  WARN 27276 --- [Trinity Clinic Manager] [main] r$InitializeUserDetailsManagerConfigurer : Global AuthenticationManager configured with an AuthenticationProvider bean. UserDetailsService beans will not be used by Spring Security for automatically configuring username/password login. Consider removing the AuthenticationProvider bean. Alternatively, consider using the UserDetailsService in a manually instantiated DaoAuthenticationProvider. If the current configuration is intentional, to turn off this warning, increase the logging level of 'org.springframework.security.config.annotation.authentication.configuration.InitializeUserDetailsBeanManagerConfigurer' to ERROR
2026-06-06T03:54:13.388-04:00  INFO 27276 --- [Trinity Clinic Manager] [main] c.r.stream.impl.StreamEnvironment        : Connecting to localhost with guest user, assuming development environment
2026-06-06T03:54:13.389-04:00  INFO 27276 --- [Trinity Clinic Manager] [main] c.r.stream.impl.StreamEnvironment        : Using address resolver to always connect to localhost
2026-06-06T03:54:14.227-04:00  INFO 27276 --- [Trinity Clinic Manager] [main] o.s.b.a.e.web.EndpointLinksResolver      : Exposing 1 endpoint beneath base path '/actuator'
2026-06-06T03:54:14.545-04:00  INFO 27276 --- [Trinity Clinic Manager] [main] o.s.boot.tomcat.TomcatWebServer          : Tomcat started on port 8080 (http) with context path '/trinity'
2026-06-06T03:54:14.591-04:00  INFO 27276 --- [Trinity Clinic Manager] [main] i.s.s.t.services.TrinityApplication      : Started TrinityApplication in 26.38 seconds (process running for 30.697)
2026-06-06T03:54:14.623-04:00  INFO 27276 --- [Trinity Clinic Manager] [main] i.s.s.t.s.middleware.ApplicationReady    : Application [[31mTrinity Clinic Manager[0m] entièrement initialisée
2026-06-06T03:54:37.233-04:00  INFO 27276 --- [Trinity Clinic Manager] [http-nio-8080-exec-2] o.a.c.c.C.[.[localhost].[/trinity]       : Initializing Spring DispatcherServlet 'dispatcherServlet'
2026-06-06T03:54:37.234-04:00  INFO 27276 --- [Trinity Clinic Manager] [http-nio-8080-exec-2] o.s.web.servlet.DispatcherServlet        : Initializing Servlet 'dispatcherServlet'
2026-06-06T03:54:37.242-04:00  INFO 27276 --- [Trinity Clinic Manager] [http-nio-8080-exec-2] o.s.web.servlet.DispatcherServlet        : Completed initialization in 8 ms
2026-06-06T03:54:37.478-04:00  INFO 27276 --- [Trinity Clinic Manager] [http-nio-8080-exec-1] o.apache.tomcat.util.http.parser.Cookie  : A cookie header was received [g_state={"i_l":0,"i_ll":1780527310595,"i_b":"RrnF9rn4h5bAm0uPO0FhumpPXVQEEacpBt0St9R0O9w","i_e":{"enable_itp_optimization":0},"i_et":1778615391785};] that contained an invalid cookie. That cookie will be ignored.
 Note: further occurrences of this error will be logged at DEBUG level.
2026-06-06T03:59:23.770-04:00  INFO 27276 --- [Trinity Clinic Manager] [SpringApplicationShutdownHook] o.s.boot.tomcat.GracefulShutdown         : Commencing graceful shutdown. Waiting for active requests to complete
2026-06-06T03:59:23.790-04:00  INFO 27276 --- [Trinity Clinic Manager] [tomcat-shutdown] o.s.boot.tomcat.GracefulShutdown         : Graceful shutdown complete
2026-06-06T03:59:24.943-04:00  INFO 27276 --- [Trinity Clinic Manager] [SpringApplicationShutdownHook] j.LocalContainerEntityManagerFactoryBean : Closing JPA EntityManagerFactory for persistence unit 'default'
2026-06-06T03:59:24.955-04:00  INFO 27276 --- [Trinity Clinic Manager] [SpringApplicationShutdownHook] com.zaxxer.hikari.HikariDataSource       : HikariPool-1 - Shutdown initiated...
2026-06-06T03:59:25.001-04:00  INFO 27276 --- [Trinity Clinic Manager] [SpringApplicationShutdownHook] com.zaxxer.hikari.HikariDataSource       : HikariPool-1 - Shutdown completed.
2026-06-06T03:59:53.003-04:00  INFO 14476 --- [Trinity Clinic Manager] [main] i.s.s.t.services.TrinityApplication      : Starting TrinityApplication using Java 21.0.10 with PID 14476 (G:\DevSpace\backend\clinique-trinite\services\target\classes started by Gennesis in G:\DevSpace\backend\clinique-trinite)
2026-06-06T03:59:53.016-04:00 DEBUG 14476 --- [Trinity Clinic Manager] [main] i.s.s.t.services.TrinityApplication      : Running with Spring Boot v4.0.6, Spring v7.0.7
2026-06-06T03:59:53.018-04:00  INFO 14476 --- [Trinity Clinic Manager] [main] i.s.s.t.services.TrinityApplication      : The following 1 profile is active: "dev"
2026-06-06T03:59:56.773-04:00  INFO 14476 --- [Trinity Clinic Manager] [main] .s.d.r.c.RepositoryConfigurationDelegate : Multiple Spring Data modules found, entering strict repository configuration mode
2026-06-06T03:59:56.774-04:00  INFO 14476 --- [Trinity Clinic Manager] [main] .s.d.r.c.RepositoryConfigurationDelegate : Bootstrapping Spring Data JPA repositories in DEFAULT mode.
2026-06-06T03:59:57.351-04:00  INFO 14476 --- [Trinity Clinic Manager] [main] .s.d.r.c.RepositoryConfigurationDelegate : Finished Spring Data repository scanning in 542 ms. Found 2 JPA repository interfaces.
2026-06-06T03:59:59.705-04:00  INFO 14476 --- [Trinity Clinic Manager] [main] .s.d.r.c.RepositoryConfigurationDelegate : Multiple Spring Data modules found, entering strict repository configuration mode
2026-06-06T03:59:59.708-04:00  INFO 14476 --- [Trinity Clinic Manager] [main] .s.d.r.c.RepositoryConfigurationDelegate : Bootstrapping Spring Data Redis repositories in DEFAULT mode.
2026-06-06T03:59:59.770-04:00  INFO 14476 --- [Trinity Clinic Manager] [main] .s.d.r.c.RepositoryConfigurationDelegate : Finished Spring Data repository scanning in 27 ms. Found 0 Redis repository interfaces.
2026-06-06T04:00:03.276-04:00  INFO 14476 --- [Trinity Clinic Manager] [main] o.s.boot.tomcat.TomcatWebServer          : Tomcat initialized with port 8080 (http)
2026-06-06T04:00:03.319-04:00  INFO 14476 --- [Trinity Clinic Manager] [main] o.apache.catalina.core.StandardService   : Starting service [Tomcat]
2026-06-06T04:00:03.321-04:00  INFO 14476 --- [Trinity Clinic Manager] [main] o.apache.catalina.core.StandardEngine    : Starting Servlet engine: [Apache Tomcat/11.0.21]
2026-06-06T04:00:03.731-04:00  INFO 14476 --- [Trinity Clinic Manager] [main] b.w.c.s.WebApplicationContextInitializer : Root WebApplicationContext: initialization completed in 10453 ms
2026-06-06T04:00:05.302-04:00 DEBUG 14476 --- [Trinity Clinic Manager] [main] o.f.c.i.s.classpath.ClassPathScanner     : Scanning for classpath resources at 'classpath:db/callback' ...
2026-06-06T04:00:05.304-04:00 DEBUG 14476 --- [Trinity Clinic Manager] [main] o.f.c.i.s.classpath.ClassPathScanner     : Determining location urls for classpath:db/callback using ClassLoader TomcatEmbeddedWebappClassLoader
  context: trinity
  delegate: true
----------> Parent Classloader:
jdk.internal.loader.ClassLoaders$AppClassLoader@76ed5528
 ...
2026-06-06T04:00:05.304-04:00 DEBUG 14476 --- [Trinity Clinic Manager] [main] o.f.c.i.s.classpath.ClassPathScanner     : Unable to resolve location classpath:db/callback.
2026-06-06T04:00:05.304-04:00 DEBUG 14476 --- [Trinity Clinic Manager] [main] o.f.c.i.s.classpath.ClassPathScanner     : Scanning for classpath resources at 'classpath:db/migration' ...
2026-06-06T04:00:05.305-04:00 DEBUG 14476 --- [Trinity Clinic Manager] [main] o.f.c.i.s.classpath.ClassPathScanner     : Determining location urls for classpath:db/migration using ClassLoader TomcatEmbeddedWebappClassLoader
  context: trinity
  delegate: true
----------> Parent Classloader:
jdk.internal.loader.ClassLoaders$AppClassLoader@76ed5528
 ...
2026-06-06T04:00:05.307-04:00 DEBUG 14476 --- [Trinity Clinic Manager] [main] o.f.c.i.s.classpath.ClassPathScanner     : Scanning URL: file:/G:/DevSpace/backend/clinique-trinite/services/target/classes/db/migration
2026-06-06T04:00:05.325-04:00 DEBUG 14476 --- [Trinity Clinic Manager] [main] i.s.c.FileSystemClassPathLocationScanner : Scanning starting at classpath root in filesystem: G:\DevSpace\backend\clinique-trinite\services\target\classes\
2026-06-06T04:00:05.325-04:00 DEBUG 14476 --- [Trinity Clinic Manager] [main] i.s.c.FileSystemClassPathLocationScanner : Scanning for resources in path: G:\DevSpace\backend\clinique-trinite\services\target\classes\db\migration (db/migration)
2026-06-06T04:00:05.330-04:00 DEBUG 14476 --- [Trinity Clinic Manager] [main] o.f.c.i.s.classpath.ClassPathScanner     : Found resource: db/migration/V1__init_schema.sql
2026-06-06T04:00:05.333-04:00 DEBUG 14476 --- [Trinity Clinic Manager] [main] o.f.c.i.s.classpath.ClassPathScanner     : Scanning for classpath resources at 'classpath:db/migration' ...
2026-06-06T04:00:05.334-04:00 DEBUG 14476 --- [Trinity Clinic Manager] [main] o.f.c.i.s.classpath.ClassPathScanner     : Determining location urls for classpath:db/migration using ClassLoader TomcatEmbeddedWebappClassLoader
  context: trinity
  delegate: true
----------> Parent Classloader:
jdk.internal.loader.ClassLoaders$AppClassLoader@76ed5528
 ...
2026-06-06T04:00:05.335-04:00 DEBUG 14476 --- [Trinity Clinic Manager] [main] o.f.c.i.s.classpath.ClassPathScanner     : Scanning URL: file:/G:/DevSpace/backend/clinique-trinite/services/target/classes/db/migration
2026-06-06T04:00:05.335-04:00 DEBUG 14476 --- [Trinity Clinic Manager] [main] o.f.c.i.s.classpath.ClassPathScanner     : Found resource: db/migration/V1__init_schema.sql
2026-06-06T04:00:05.337-04:00 DEBUG 14476 --- [Trinity Clinic Manager] [main] o.f.c.i.s.classpath.ClassPathScanner     : Scanning for classes at classpath:db/migration
2026-06-06T04:00:05.346-04:00  INFO 14476 --- [Trinity Clinic Manager] [main] com.zaxxer.hikari.HikariDataSource       : HikariPool-1 - Starting...
2026-06-06T04:00:05.920-04:00  INFO 14476 --- [Trinity Clinic Manager] [main] com.zaxxer.hikari.pool.HikariPool        : HikariPool-1 - Added connection org.postgresql.jdbc.PgConnection@4da9da6c
2026-06-06T04:00:05.927-04:00  INFO 14476 --- [Trinity Clinic Manager] [main] com.zaxxer.hikari.HikariDataSource       : HikariPool-1 - Start completed.
2026-06-06T04:00:05.986-04:00 DEBUG 14476 --- [Trinity Clinic Manager] [main] o.f.c.i.resource.ResourceNameValidator   : Validating V1__init_schema.sql
2026-06-06T04:00:06.009-04:00 DEBUG 14476 --- [Trinity Clinic Manager] [main] o.f.c.i.database.DatabaseTypeRegister    : Multiple databases found that handle url 'jdbc:postgresql://localhost:5432/trinity_db?currentSchema=clinic': CockroachDB,PostgreSQL
2026-06-06T04:00:06.011-04:00  INFO 14476 --- [Trinity Clinic Manager] [main] org.flywaydb.core.FlywayExecutor         : Database: jdbc:postgresql://localhost:5432/trinity_db?currentSchema=clinic (PostgreSQL 18.4)
2026-06-06T04:00:06.011-04:00 DEBUG 14476 --- [Trinity Clinic Manager] [main] org.flywaydb.core.FlywayExecutor         : Database Type: PostgreSQL
2026-06-06T04:00:06.012-04:00 DEBUG 14476 --- [Trinity Clinic Manager] [main] org.flywaydb.core.FlywayExecutor         : Driver: PostgreSQL JDBC Driver 42.7.10
2026-06-06T04:00:06.012-04:00 DEBUG 14476 --- [Trinity Clinic Manager] [main] org.flywaydb.core.FlywayExecutor         : DDL Transactions Supported: true
2026-06-06T04:00:06.017-04:00 DEBUG 14476 --- [Trinity Clinic Manager] [main] o.f.c.i.s.SchemaHistoryFactory           : Schemas: clinic
2026-06-06T04:00:06.018-04:00 DEBUG 14476 --- [Trinity Clinic Manager] [main] o.f.c.i.s.SchemaHistoryFactory           : Default schema: null
2026-06-06T04:00:06.053-04:00 DEBUG 14476 --- [Trinity Clinic Manager] [main] org.flywaydb.core.FlywayExecutor         : Scanning for script callbacks ...
2026-06-06T04:00:06.064-04:00 DEBUG 14476 --- [Trinity Clinic Manager] [main] o.f.c.i.c.SqlScriptCallbackFactory       : Scanning for SQL callbacks ...
2026-06-06T04:00:06.102-04:00 DEBUG 14476 --- [Trinity Clinic Manager] [main] o.f.core.internal.command.DbValidate     : Validating migrations ...
2026-06-06T04:00:06.115-04:00 DEBUG 14476 --- [Trinity Clinic Manager] [main] o.f.c.a.c.ClassicConfiguration           : CherryPickConfigurationExtension not found
2026-06-06T04:00:06.173-04:00 DEBUG 14476 --- [Trinity Clinic Manager] [main] o.f.core.internal.scanner.Scanner        : Filtering out resource: db/migration/V1__init_schema.sql (filename: V1__init_schema.sql)
2026-06-06T04:00:06.194-04:00 DEBUG 14476 --- [Trinity Clinic Manager] [main] o.f.core.internal.scanner.Scanner        : Filtering out resource: db/migration/V1__init_schema.sql (filename: V1__init_schema.sql)
2026-06-06T04:00:06.198-04:00 DEBUG 14476 --- [Trinity Clinic Manager] [main] o.f.core.internal.scanner.Scanner        : Filtering out resource: db/migration/V1__init_schema.sql (filename: V1__init_schema.sql)
2026-06-06T04:00:06.199-04:00 DEBUG 14476 --- [Trinity Clinic Manager] [main] o.f.core.internal.scanner.Scanner        : Filtering out resource: db/migration/V1__init_schema.sql (filename: V1__init_schema.sql)
2026-06-06T04:00:06.280-04:00  INFO 14476 --- [Trinity Clinic Manager] [main] o.f.core.internal.command.DbValidate     : Successfully validated 2 migrations (execution time 00:00.173s)
2026-06-06T04:00:06.291-04:00 DEBUG 14476 --- [Trinity Clinic Manager] [main] o.f.core.internal.command.DbSchemas      : Skipping creation of existing schema: "clinic"
2026-06-06T04:00:06.323-04:00 DEBUG 14476 --- [Trinity Clinic Manager] [main] o.f.c.a.c.ClassicConfiguration           : CherryPickConfigurationExtension not found
2026-06-06T04:00:06.328-04:00  INFO 14476 --- [Trinity Clinic Manager] [main] o.f.core.internal.command.DbMigrate      : Current version of schema "clinic": 1
2026-06-06T04:00:06.339-04:00  INFO 14476 --- [Trinity Clinic Manager] [main] o.f.core.internal.command.DbMigrate      : Schema "clinic" is up to date. No migration necessary.
2026-06-06T04:00:06.364-04:00 DEBUG 14476 --- [Trinity Clinic Manager] [main] org.flywaydb.core.FlywayExecutor         : Memory usage: 53 of 80M
2026-06-06T04:00:06.792-04:00  INFO 14476 --- [Trinity Clinic Manager] [main] org.hibernate.orm.jpa                    : HHH008540: Processing PersistenceUnitInfo [name: default]
2026-06-06T04:00:06.944-04:00  INFO 14476 --- [Trinity Clinic Manager] [main] org.hibernate.orm.core                   : HHH000001: Hibernate ORM core version 7.2.12.Final
2026-06-06T04:00:08.569-04:00  INFO 14476 --- [Trinity Clinic Manager] [main] o.s.o.j.p.SpringPersistenceUnitInfo      : No LoadTimeWeaver setup: ignoring JPA class transformer
2026-06-06T04:00:08.744-04:00  WARN 14476 --- [Trinity Clinic Manager] [main] org.hibernate.orm.deprecation            : HHH90000025: PostgreSQLDialect does not need to be specified explicitly using 'hibernate.dialect' (remove the property setting and it will be selected by default)
2026-06-06T04:00:08.803-04:00  INFO 14476 --- [Trinity Clinic Manager] [main] org.hibernate.orm.connections.pooling    : HHH10001005: Database info:
	Database JDBC URL [jdbc:postgresql://localhost:5432/trinity_db?currentSchema=clinic]
	Database driver: PostgreSQL JDBC Driver
	Database dialect: PostgreSQLDialect
	Database version: 18.4
	Default catalog/schema: trinity_db/clinic
	Autocommit mode: undefined/unknown
	Isolation level: READ_COMMITTED [default READ_COMMITTED]
	JDBC fetch size: none
	Pool: DataSourceConnectionProvider
	Minimum pool size: undefined/unknown
	Maximum pool size: undefined/unknown
2026-06-06T04:00:11.631-04:00  INFO 14476 --- [Trinity Clinic Manager] [main] org.hibernate.orm.core                   : HHH000489: No JTA platform available (set 'hibernate.transaction.jta.platform' to enable JTA platform integration)
2026-06-06T04:00:11.778-04:00  INFO 14476 --- [Trinity Clinic Manager] [main] j.LocalContainerEntityManagerFactoryBean : Initialized JPA EntityManagerFactory for persistence unit 'default'
2026-06-06T04:00:11.982-04:00  INFO 14476 --- [Trinity Clinic Manager] [main] o.s.d.j.r.query.QueryEnhancerFactories   : Hibernate is in classpath; If applicable, HQL parser will be used.
2026-06-06T04:00:13.243-04:00  WARN 14476 --- [Trinity Clinic Manager] [main] r$InitializeUserDetailsManagerConfigurer : Global AuthenticationManager configured with an AuthenticationProvider bean. UserDetailsService beans will not be used by Spring Security for automatically configuring username/password login. Consider removing the AuthenticationProvider bean. Alternatively, consider using the UserDetailsService in a manually instantiated DaoAuthenticationProvider. If the current configuration is intentional, to turn off this warning, increase the logging level of 'org.springframework.security.config.annotation.authentication.configuration.InitializeUserDetailsBeanManagerConfigurer' to ERROR
2026-06-06T04:00:20.903-04:00  INFO 14476 --- [Trinity Clinic Manager] [main] c.r.stream.impl.StreamEnvironment        : Connecting to localhost with guest user, assuming development environment
2026-06-06T04:00:20.904-04:00  INFO 14476 --- [Trinity Clinic Manager] [main] c.r.stream.impl.StreamEnvironment        : Using address resolver to always connect to localhost
2026-06-06T04:00:22.268-04:00  INFO 14476 --- [Trinity Clinic Manager] [main] o.s.b.a.e.web.EndpointLinksResolver      : Exposing 1 endpoint beneath base path '/actuator'
2026-06-06T04:00:22.674-04:00  INFO 14476 --- [Trinity Clinic Manager] [main] o.s.boot.tomcat.TomcatWebServer          : Tomcat started on port 8080 (http) with context path '/trinity'
2026-06-06T04:00:22.704-04:00  INFO 14476 --- [Trinity Clinic Manager] [main] i.s.s.t.services.TrinityApplication      : Started TrinityApplication in 31.827 seconds (process running for 35.792)
2026-06-06T04:00:22.727-04:00  INFO 14476 --- [Trinity Clinic Manager] [main] i.s.s.t.s.middleware.ApplicationReady    : Application [[31mTrinity Clinic Manager[0m] entièrement initialisée
2026-06-06T04:01:10.684-04:00  INFO 14476 --- [Trinity Clinic Manager] [http-nio-8080-exec-2] o.a.c.c.C.[.[localhost].[/trinity]       : Initializing Spring DispatcherServlet 'dispatcherServlet'
2026-06-06T04:01:10.684-04:00  INFO 14476 --- [Trinity Clinic Manager] [http-nio-8080-exec-2] o.s.web.servlet.DispatcherServlet        : Initializing Servlet 'dispatcherServlet'
2026-06-06T04:01:10.690-04:00  INFO 14476 --- [Trinity Clinic Manager] [http-nio-8080-exec-2] o.s.web.servlet.DispatcherServlet        : Completed initialization in 6 ms
2026-06-06T04:01:10.929-04:00  INFO 14476 --- [Trinity Clinic Manager] [http-nio-8080-exec-1] o.apache.tomcat.util.http.parser.Cookie  : A cookie header was received [g_state={"i_l":0,"i_ll":1780527310595,"i_b":"RrnF9rn4h5bAm0uPO0FhumpPXVQEEacpBt0St9R0O9w","i_e":{"enable_itp_optimization":0},"i_et":1778615391785};] that contained an invalid cookie. That cookie will be ignored.
 Note: further occurrences of this error will be logged at DEBUG level.
2026-06-06T04:04:06.101-04:00  INFO 14476 --- [Trinity Clinic Manager] [SpringApplicationShutdownHook] o.s.boot.tomcat.GracefulShutdown         : Commencing graceful shutdown. Waiting for active requests to complete
2026-06-06T04:04:06.132-04:00  INFO 14476 --- [Trinity Clinic Manager] [tomcat-shutdown] o.s.boot.tomcat.GracefulShutdown         : Graceful shutdown complete
2026-06-06T04:04:07.268-04:00  INFO 14476 --- [Trinity Clinic Manager] [SpringApplicationShutdownHook] j.LocalContainerEntityManagerFactoryBean : Closing JPA EntityManagerFactory for persistence unit 'default'
2026-06-06T04:04:07.278-04:00  INFO 14476 --- [Trinity Clinic Manager] [SpringApplicationShutdownHook] com.zaxxer.hikari.HikariDataSource       : HikariPool-1 - Shutdown initiated...
2026-06-06T04:04:07.297-04:00  INFO 14476 --- [Trinity Clinic Manager] [SpringApplicationShutdownHook] com.zaxxer.hikari.HikariDataSource       : HikariPool-1 - Shutdown completed.
2026-06-06T04:04:31.330-04:00  INFO 28204 --- [Trinity Clinic Manager] [main] i.s.s.t.services.TrinityApplication      : Starting TrinityApplication using Java 21.0.10 with PID 28204 (G:\DevSpace\backend\clinique-trinite\services\target\classes started by Gennesis in G:\DevSpace\backend\clinique-trinite)
2026-06-06T04:04:31.345-04:00 DEBUG 28204 --- [Trinity Clinic Manager] [main] i.s.s.t.services.TrinityApplication      : Running with Spring Boot v4.0.6, Spring v7.0.7
2026-06-06T04:04:31.347-04:00  INFO 28204 --- [Trinity Clinic Manager] [main] i.s.s.t.services.TrinityApplication      : The following 1 profile is active: "dev"
2026-06-06T04:04:35.503-04:00  INFO 28204 --- [Trinity Clinic Manager] [main] .s.d.r.c.RepositoryConfigurationDelegate : Multiple Spring Data modules found, entering strict repository configuration mode
2026-06-06T04:04:35.504-04:00  INFO 28204 --- [Trinity Clinic Manager] [main] .s.d.r.c.RepositoryConfigurationDelegate : Bootstrapping Spring Data JPA repositories in DEFAULT mode.
2026-06-06T04:04:36.076-04:00  INFO 28204 --- [Trinity Clinic Manager] [main] .s.d.r.c.RepositoryConfigurationDelegate : Finished Spring Data repository scanning in 535 ms. Found 2 JPA repository interfaces.
2026-06-06T04:04:37.689-04:00  INFO 28204 --- [Trinity Clinic Manager] [main] .s.d.r.c.RepositoryConfigurationDelegate : Multiple Spring Data modules found, entering strict repository configuration mode
2026-06-06T04:04:37.691-04:00  INFO 28204 --- [Trinity Clinic Manager] [main] .s.d.r.c.RepositoryConfigurationDelegate : Bootstrapping Spring Data Redis repositories in DEFAULT mode.
2026-06-06T04:04:37.740-04:00  INFO 28204 --- [Trinity Clinic Manager] [main] .s.d.r.c.RepositoryConfigurationDelegate : Finished Spring Data repository scanning in 22 ms. Found 0 Redis repository interfaces.
2026-06-06T04:04:40.025-04:00  INFO 28204 --- [Trinity Clinic Manager] [main] o.s.boot.tomcat.TomcatWebServer          : Tomcat initialized with port 8080 (http)
2026-06-06T04:04:40.077-04:00  INFO 28204 --- [Trinity Clinic Manager] [main] o.apache.catalina.core.StandardService   : Starting service [Tomcat]
2026-06-06T04:04:40.079-04:00  INFO 28204 --- [Trinity Clinic Manager] [main] o.apache.catalina.core.StandardEngine    : Starting Servlet engine: [Apache Tomcat/11.0.21]
2026-06-06T04:04:40.316-04:00  INFO 28204 --- [Trinity Clinic Manager] [main] b.w.c.s.WebApplicationContextInitializer : Root WebApplicationContext: initialization completed in 8659 ms
2026-06-06T04:04:41.455-04:00 DEBUG 28204 --- [Trinity Clinic Manager] [main] o.f.c.i.s.classpath.ClassPathScanner     : Scanning for classpath resources at 'classpath:db/callback' ...
2026-06-06T04:04:41.456-04:00 DEBUG 28204 --- [Trinity Clinic Manager] [main] o.f.c.i.s.classpath.ClassPathScanner     : Determining location urls for classpath:db/callback using ClassLoader TomcatEmbeddedWebappClassLoader
  context: trinity
  delegate: true
----------> Parent Classloader:
jdk.internal.loader.ClassLoaders$AppClassLoader@76ed5528
 ...
2026-06-06T04:04:41.457-04:00 DEBUG 28204 --- [Trinity Clinic Manager] [main] o.f.c.i.s.classpath.ClassPathScanner     : Unable to resolve location classpath:db/callback.
2026-06-06T04:04:41.458-04:00 DEBUG 28204 --- [Trinity Clinic Manager] [main] o.f.c.i.s.classpath.ClassPathScanner     : Scanning for classpath resources at 'classpath:db/migration' ...
2026-06-06T04:04:41.459-04:00 DEBUG 28204 --- [Trinity Clinic Manager] [main] o.f.c.i.s.classpath.ClassPathScanner     : Determining location urls for classpath:db/migration using ClassLoader TomcatEmbeddedWebappClassLoader
  context: trinity
  delegate: true
----------> Parent Classloader:
jdk.internal.loader.ClassLoaders$AppClassLoader@76ed5528
 ...
2026-06-06T04:04:41.461-04:00 DEBUG 28204 --- [Trinity Clinic Manager] [main] o.f.c.i.s.classpath.ClassPathScanner     : Scanning URL: file:/G:/DevSpace/backend/clinique-trinite/services/target/classes/db/migration
2026-06-06T04:04:41.468-04:00 DEBUG 28204 --- [Trinity Clinic Manager] [main] i.s.c.FileSystemClassPathLocationScanner : Scanning starting at classpath root in filesystem: G:\DevSpace\backend\clinique-trinite\services\target\classes\
2026-06-06T04:04:41.469-04:00 DEBUG 28204 --- [Trinity Clinic Manager] [main] i.s.c.FileSystemClassPathLocationScanner : Scanning for resources in path: G:\DevSpace\backend\clinique-trinite\services\target\classes\db\migration (db/migration)
2026-06-06T04:04:41.475-04:00 DEBUG 28204 --- [Trinity Clinic Manager] [main] o.f.c.i.s.classpath.ClassPathScanner     : Found resource: db/migration/V1__init_schema.sql
2026-06-06T04:04:41.477-04:00 DEBUG 28204 --- [Trinity Clinic Manager] [main] o.f.c.i.s.classpath.ClassPathScanner     : Scanning for classpath resources at 'classpath:db/migration' ...
2026-06-06T04:04:41.478-04:00 DEBUG 28204 --- [Trinity Clinic Manager] [main] o.f.c.i.s.classpath.ClassPathScanner     : Determining location urls for classpath:db/migration using ClassLoader TomcatEmbeddedWebappClassLoader
  context: trinity
  delegate: true
----------> Parent Classloader:
jdk.internal.loader.ClassLoaders$AppClassLoader@76ed5528
 ...
2026-06-06T04:04:41.479-04:00 DEBUG 28204 --- [Trinity Clinic Manager] [main] o.f.c.i.s.classpath.ClassPathScanner     : Scanning URL: file:/G:/DevSpace/backend/clinique-trinite/services/target/classes/db/migration
2026-06-06T04:04:41.479-04:00 DEBUG 28204 --- [Trinity Clinic Manager] [main] o.f.c.i.s.classpath.ClassPathScanner     : Found resource: db/migration/V1__init_schema.sql
2026-06-06T04:04:41.480-04:00 DEBUG 28204 --- [Trinity Clinic Manager] [main] o.f.c.i.s.classpath.ClassPathScanner     : Scanning for classes at classpath:db/migration
2026-06-06T04:04:41.489-04:00  INFO 28204 --- [Trinity Clinic Manager] [main] com.zaxxer.hikari.HikariDataSource       : HikariPool-1 - Starting...
2026-06-06T04:04:42.060-04:00  INFO 28204 --- [Trinity Clinic Manager] [main] com.zaxxer.hikari.pool.HikariPool        : HikariPool-1 - Added connection org.postgresql.jdbc.PgConnection@44e4cf8a
2026-06-06T04:04:42.066-04:00  INFO 28204 --- [Trinity Clinic Manager] [main] com.zaxxer.hikari.HikariDataSource       : HikariPool-1 - Start completed.
2026-06-06T04:04:42.164-04:00 DEBUG 28204 --- [Trinity Clinic Manager] [main] o.f.c.i.resource.ResourceNameValidator   : Validating V1__init_schema.sql
2026-06-06T04:04:42.210-04:00 DEBUG 28204 --- [Trinity Clinic Manager] [main] o.f.c.i.database.DatabaseTypeRegister    : Multiple databases found that handle url 'jdbc:postgresql://localhost:5432/trinity_db?currentSchema=clinic': CockroachDB,PostgreSQL
2026-06-06T04:04:42.219-04:00  INFO 28204 --- [Trinity Clinic Manager] [main] org.flywaydb.core.FlywayExecutor         : Database: jdbc:postgresql://localhost:5432/trinity_db?currentSchema=clinic (PostgreSQL 18.4)
2026-06-06T04:04:42.220-04:00 DEBUG 28204 --- [Trinity Clinic Manager] [main] org.flywaydb.core.FlywayExecutor         : Database Type: PostgreSQL
2026-06-06T04:04:42.221-04:00 DEBUG 28204 --- [Trinity Clinic Manager] [main] org.flywaydb.core.FlywayExecutor         : Driver: PostgreSQL JDBC Driver 42.7.10
2026-06-06T04:04:42.222-04:00 DEBUG 28204 --- [Trinity Clinic Manager] [main] org.flywaydb.core.FlywayExecutor         : DDL Transactions Supported: true
2026-06-06T04:04:42.228-04:00 DEBUG 28204 --- [Trinity Clinic Manager] [main] o.f.c.i.s.SchemaHistoryFactory           : Schemas: clinic
2026-06-06T04:04:42.228-04:00 DEBUG 28204 --- [Trinity Clinic Manager] [main] o.f.c.i.s.SchemaHistoryFactory           : Default schema: null
2026-06-06T04:04:42.256-04:00 DEBUG 28204 --- [Trinity Clinic Manager] [main] org.flywaydb.core.FlywayExecutor         : Scanning for script callbacks ...
2026-06-06T04:04:42.266-04:00 DEBUG 28204 --- [Trinity Clinic Manager] [main] o.f.c.i.c.SqlScriptCallbackFactory       : Scanning for SQL callbacks ...
2026-06-06T04:04:42.306-04:00 DEBUG 28204 --- [Trinity Clinic Manager] [main] o.f.core.internal.command.DbValidate     : Validating migrations ...
2026-06-06T04:04:42.320-04:00 DEBUG 28204 --- [Trinity Clinic Manager] [main] o.f.c.a.c.ClassicConfiguration           : CherryPickConfigurationExtension not found
2026-06-06T04:04:42.370-04:00 DEBUG 28204 --- [Trinity Clinic Manager] [main] o.f.core.internal.scanner.Scanner        : Filtering out resource: db/migration/V1__init_schema.sql (filename: V1__init_schema.sql)
2026-06-06T04:04:42.375-04:00 DEBUG 28204 --- [Trinity Clinic Manager] [main] o.f.core.internal.scanner.Scanner        : Filtering out resource: db/migration/V1__init_schema.sql (filename: V1__init_schema.sql)
2026-06-06T04:04:42.378-04:00 DEBUG 28204 --- [Trinity Clinic Manager] [main] o.f.core.internal.scanner.Scanner        : Filtering out resource: db/migration/V1__init_schema.sql (filename: V1__init_schema.sql)
2026-06-06T04:04:42.378-04:00 DEBUG 28204 --- [Trinity Clinic Manager] [main] o.f.core.internal.scanner.Scanner        : Filtering out resource: db/migration/V1__init_schema.sql (filename: V1__init_schema.sql)
2026-06-06T04:04:42.444-04:00  INFO 28204 --- [Trinity Clinic Manager] [main] o.f.core.internal.command.DbValidate     : Successfully validated 2 migrations (execution time 00:00.134s)
2026-06-06T04:04:42.452-04:00 DEBUG 28204 --- [Trinity Clinic Manager] [main] o.f.core.internal.command.DbSchemas      : Skipping creation of existing schema: "clinic"
2026-06-06T04:04:42.483-04:00 DEBUG 28204 --- [Trinity Clinic Manager] [main] o.f.c.a.c.ClassicConfiguration           : CherryPickConfigurationExtension not found
2026-06-06T04:04:42.489-04:00  INFO 28204 --- [Trinity Clinic Manager] [main] o.f.core.internal.command.DbMigrate      : Current version of schema "clinic": 1
2026-06-06T04:04:42.498-04:00  INFO 28204 --- [Trinity Clinic Manager] [main] o.f.core.internal.command.DbMigrate      : Schema "clinic" is up to date. No migration necessary.
2026-06-06T04:04:42.530-04:00 DEBUG 28204 --- [Trinity Clinic Manager] [main] org.flywaydb.core.FlywayExecutor         : Memory usage: 54 of 120M
2026-06-06T04:04:42.897-04:00  INFO 28204 --- [Trinity Clinic Manager] [main] org.hibernate.orm.jpa                    : HHH008540: Processing PersistenceUnitInfo [name: default]
2026-06-06T04:04:43.165-04:00  INFO 28204 --- [Trinity Clinic Manager] [main] org.hibernate.orm.core                   : HHH000001: Hibernate ORM core version 7.2.12.Final
2026-06-06T04:04:44.735-04:00  INFO 28204 --- [Trinity Clinic Manager] [main] o.s.o.j.p.SpringPersistenceUnitInfo      : No LoadTimeWeaver setup: ignoring JPA class transformer
2026-06-06T04:04:44.906-04:00  WARN 28204 --- [Trinity Clinic Manager] [main] org.hibernate.orm.deprecation            : HHH90000025: PostgreSQLDialect does not need to be specified explicitly using 'hibernate.dialect' (remove the property setting and it will be selected by default)
2026-06-06T04:04:44.967-04:00  INFO 28204 --- [Trinity Clinic Manager] [main] org.hibernate.orm.connections.pooling    : HHH10001005: Database info:
	Database JDBC URL [jdbc:postgresql://localhost:5432/trinity_db?currentSchema=clinic]
	Database driver: PostgreSQL JDBC Driver
	Database dialect: PostgreSQLDialect
	Database version: 18.4
	Default catalog/schema: trinity_db/clinic
	Autocommit mode: undefined/unknown
	Isolation level: READ_COMMITTED [default READ_COMMITTED]
	JDBC fetch size: none
	Pool: DataSourceConnectionProvider
	Minimum pool size: undefined/unknown
	Maximum pool size: undefined/unknown
2026-06-06T04:04:47.869-04:00  INFO 28204 --- [Trinity Clinic Manager] [main] org.hibernate.orm.core                   : HHH000489: No JTA platform available (set 'hibernate.transaction.jta.platform' to enable JTA platform integration)
2026-06-06T04:04:47.999-04:00  INFO 28204 --- [Trinity Clinic Manager] [main] j.LocalContainerEntityManagerFactoryBean : Initialized JPA EntityManagerFactory for persistence unit 'default'
2026-06-06T04:04:48.267-04:00  INFO 28204 --- [Trinity Clinic Manager] [main] o.s.d.j.r.query.QueryEnhancerFactories   : Hibernate is in classpath; If applicable, HQL parser will be used.
2026-06-06T04:04:49.426-04:00  WARN 28204 --- [Trinity Clinic Manager] [main] r$InitializeUserDetailsManagerConfigurer : Global AuthenticationManager configured with an AuthenticationProvider bean. UserDetailsService beans will not be used by Spring Security for automatically configuring username/password login. Consider removing the AuthenticationProvider bean. Alternatively, consider using the UserDetailsService in a manually instantiated DaoAuthenticationProvider. If the current configuration is intentional, to turn off this warning, increase the logging level of 'org.springframework.security.config.annotation.authentication.configuration.InitializeUserDetailsBeanManagerConfigurer' to ERROR
2026-06-06T04:04:56.284-04:00  INFO 28204 --- [Trinity Clinic Manager] [main] c.r.stream.impl.StreamEnvironment        : Connecting to localhost with guest user, assuming development environment
2026-06-06T04:04:56.286-04:00  INFO 28204 --- [Trinity Clinic Manager] [main] c.r.stream.impl.StreamEnvironment        : Using address resolver to always connect to localhost
2026-06-06T04:04:57.414-04:00  INFO 28204 --- [Trinity Clinic Manager] [main] o.s.b.a.e.web.EndpointLinksResolver      : Exposing 1 endpoint beneath base path '/actuator'
2026-06-06T04:04:57.826-04:00  INFO 28204 --- [Trinity Clinic Manager] [main] o.s.boot.tomcat.TomcatWebServer          : Tomcat started on port 8080 (http) with context path '/trinity'
2026-06-06T04:04:57.867-04:00  INFO 28204 --- [Trinity Clinic Manager] [main] i.s.s.t.services.TrinityApplication      : Started TrinityApplication in 28.793 seconds (process running for 32.744)
2026-06-06T04:04:57.893-04:00  INFO 28204 --- [Trinity Clinic Manager] [main] i.s.s.t.s.middleware.ApplicationReady    : Application [[31mTrinity Clinic Manager[0m] entièrement initialisée
2026-06-06T04:05:03.536-04:00  INFO 28204 --- [Trinity Clinic Manager] [http-nio-8080-exec-1] o.a.c.c.C.[.[localhost].[/trinity]       : Initializing Spring DispatcherServlet 'dispatcherServlet'
2026-06-06T04:05:03.538-04:00  INFO 28204 --- [Trinity Clinic Manager] [http-nio-8080-exec-1] o.s.web.servlet.DispatcherServlet        : Initializing Servlet 'dispatcherServlet'
2026-06-06T04:05:03.546-04:00  INFO 28204 --- [Trinity Clinic Manager] [http-nio-8080-exec-1] o.s.web.servlet.DispatcherServlet        : Completed initialization in 8 ms
2026-06-06T04:05:03.890-04:00  INFO 28204 --- [Trinity Clinic Manager] [http-nio-8080-exec-2] o.apache.tomcat.util.http.parser.Cookie  : A cookie header was received [g_state={"i_l":0,"i_ll":1780527310595,"i_b":"RrnF9rn4h5bAm0uPO0FhumpPXVQEEacpBt0St9R0O9w","i_e":{"enable_itp_optimization":0},"i_et":1778615391785};] that contained an invalid cookie. That cookie will be ignored.
 Note: further occurrences of this error will be logged at DEBUG level.
2026-06-06T04:08:48.050-04:00  INFO 28204 --- [Trinity Clinic Manager] [SpringApplicationShutdownHook] o.s.boot.tomcat.GracefulShutdown         : Commencing graceful shutdown. Waiting for active requests to complete
2026-06-06T04:08:48.071-04:00  INFO 28204 --- [Trinity Clinic Manager] [tomcat-shutdown] o.s.boot.tomcat.GracefulShutdown         : Graceful shutdown complete
2026-06-06T04:08:49.235-04:00  INFO 28204 --- [Trinity Clinic Manager] [SpringApplicationShutdownHook] j.LocalContainerEntityManagerFactoryBean : Closing JPA EntityManagerFactory for persistence unit 'default'
2026-06-06T04:08:49.243-04:00  INFO 28204 --- [Trinity Clinic Manager] [SpringApplicationShutdownHook] com.zaxxer.hikari.HikariDataSource       : HikariPool-1 - Shutdown initiated...
2026-06-06T04:08:49.259-04:00  INFO 28204 --- [Trinity Clinic Manager] [SpringApplicationShutdownHook] com.zaxxer.hikari.HikariDataSource       : HikariPool-1 - Shutdown completed.
2026-06-06T04:09:12.024-04:00  INFO 24684 --- [Trinity Clinic Manager] [main] i.s.s.t.services.TrinityApplication      : Starting TrinityApplication using Java 21.0.10 with PID 24684 (G:\DevSpace\backend\clinique-trinite\services\target\classes started by Gennesis in G:\DevSpace\backend\clinique-trinite)
2026-06-06T04:09:12.041-04:00 DEBUG 24684 --- [Trinity Clinic Manager] [main] i.s.s.t.services.TrinityApplication      : Running with Spring Boot v4.0.6, Spring v7.0.7
2026-06-06T04:09:12.048-04:00  INFO 24684 --- [Trinity Clinic Manager] [main] i.s.s.t.services.TrinityApplication      : The following 1 profile is active: "dev"
2026-06-06T04:09:15.645-04:00  INFO 24684 --- [Trinity Clinic Manager] [main] .s.d.r.c.RepositoryConfigurationDelegate : Multiple Spring Data modules found, entering strict repository configuration mode
2026-06-06T04:09:15.646-04:00  INFO 24684 --- [Trinity Clinic Manager] [main] .s.d.r.c.RepositoryConfigurationDelegate : Bootstrapping Spring Data JPA repositories in DEFAULT mode.
2026-06-06T04:09:16.188-04:00  INFO 24684 --- [Trinity Clinic Manager] [main] .s.d.r.c.RepositoryConfigurationDelegate : Finished Spring Data repository scanning in 505 ms. Found 2 JPA repository interfaces.
2026-06-06T04:09:17.465-04:00  INFO 24684 --- [Trinity Clinic Manager] [main] .s.d.r.c.RepositoryConfigurationDelegate : Multiple Spring Data modules found, entering strict repository configuration mode
2026-06-06T04:09:17.469-04:00  INFO 24684 --- [Trinity Clinic Manager] [main] .s.d.r.c.RepositoryConfigurationDelegate : Bootstrapping Spring Data Redis repositories in DEFAULT mode.
2026-06-06T04:09:17.516-04:00  INFO 24684 --- [Trinity Clinic Manager] [main] .s.d.r.c.RepositoryConfigurationDelegate : Finished Spring Data repository scanning in 21 ms. Found 0 Redis repository interfaces.
2026-06-06T04:09:19.598-04:00  INFO 24684 --- [Trinity Clinic Manager] [main] o.s.boot.tomcat.TomcatWebServer          : Tomcat initialized with port 8080 (http)
2026-06-06T04:09:19.655-04:00  INFO 24684 --- [Trinity Clinic Manager] [main] o.apache.catalina.core.StandardService   : Starting service [Tomcat]
2026-06-06T04:09:19.657-04:00  INFO 24684 --- [Trinity Clinic Manager] [main] o.apache.catalina.core.StandardEngine    : Starting Servlet engine: [Apache Tomcat/11.0.21]
2026-06-06T04:09:19.856-04:00  INFO 24684 --- [Trinity Clinic Manager] [main] b.w.c.s.WebApplicationContextInitializer : Root WebApplicationContext: initialization completed in 7567 ms
2026-06-06T04:09:20.896-04:00 DEBUG 24684 --- [Trinity Clinic Manager] [main] o.f.c.i.s.classpath.ClassPathScanner     : Scanning for classpath resources at 'classpath:db/callback' ...
2026-06-06T04:09:20.897-04:00 DEBUG 24684 --- [Trinity Clinic Manager] [main] o.f.c.i.s.classpath.ClassPathScanner     : Determining location urls for classpath:db/callback using ClassLoader TomcatEmbeddedWebappClassLoader
  context: trinity
  delegate: true
----------> Parent Classloader:
jdk.internal.loader.ClassLoaders$AppClassLoader@76ed5528
 ...
2026-06-06T04:09:20.898-04:00 DEBUG 24684 --- [Trinity Clinic Manager] [main] o.f.c.i.s.classpath.ClassPathScanner     : Unable to resolve location classpath:db/callback.
2026-06-06T04:09:20.898-04:00 DEBUG 24684 --- [Trinity Clinic Manager] [main] o.f.c.i.s.classpath.ClassPathScanner     : Scanning for classpath resources at 'classpath:db/migration' ...
2026-06-06T04:09:20.899-04:00 DEBUG 24684 --- [Trinity Clinic Manager] [main] o.f.c.i.s.classpath.ClassPathScanner     : Determining location urls for classpath:db/migration using ClassLoader TomcatEmbeddedWebappClassLoader
  context: trinity
  delegate: true
----------> Parent Classloader:
jdk.internal.loader.ClassLoaders$AppClassLoader@76ed5528
 ...
2026-06-06T04:09:20.900-04:00 DEBUG 24684 --- [Trinity Clinic Manager] [main] o.f.c.i.s.classpath.ClassPathScanner     : Scanning URL: file:/G:/DevSpace/backend/clinique-trinite/services/target/classes/db/migration
2026-06-06T04:09:20.905-04:00 DEBUG 24684 --- [Trinity Clinic Manager] [main] i.s.c.FileSystemClassPathLocationScanner : Scanning starting at classpath root in filesystem: G:\DevSpace\backend\clinique-trinite\services\target\classes\
2026-06-06T04:09:20.907-04:00 DEBUG 24684 --- [Trinity Clinic Manager] [main] i.s.c.FileSystemClassPathLocationScanner : Scanning for resources in path: G:\DevSpace\backend\clinique-trinite\services\target\classes\db\migration (db/migration)
2026-06-06T04:09:20.913-04:00 DEBUG 24684 --- [Trinity Clinic Manager] [main] o.f.c.i.s.classpath.ClassPathScanner     : Found resource: db/migration/V1__init_schema.sql
2026-06-06T04:09:20.915-04:00 DEBUG 24684 --- [Trinity Clinic Manager] [main] o.f.c.i.s.classpath.ClassPathScanner     : Scanning for classpath resources at 'classpath:db/migration' ...
2026-06-06T04:09:20.915-04:00 DEBUG 24684 --- [Trinity Clinic Manager] [main] o.f.c.i.s.classpath.ClassPathScanner     : Determining location urls for classpath:db/migration using ClassLoader TomcatEmbeddedWebappClassLoader
  context: trinity
  delegate: true
----------> Parent Classloader:
jdk.internal.loader.ClassLoaders$AppClassLoader@76ed5528
 ...
2026-06-06T04:09:20.916-04:00 DEBUG 24684 --- [Trinity Clinic Manager] [main] o.f.c.i.s.classpath.ClassPathScanner     : Scanning URL: file:/G:/DevSpace/backend/clinique-trinite/services/target/classes/db/migration
2026-06-06T04:09:20.917-04:00 DEBUG 24684 --- [Trinity Clinic Manager] [main] o.f.c.i.s.classpath.ClassPathScanner     : Found resource: db/migration/V1__init_schema.sql
2026-06-06T04:09:20.918-04:00 DEBUG 24684 --- [Trinity Clinic Manager] [main] o.f.c.i.s.classpath.ClassPathScanner     : Scanning for classes at classpath:db/migration
2026-06-06T04:09:20.926-04:00  INFO 24684 --- [Trinity Clinic Manager] [main] com.zaxxer.hikari.HikariDataSource       : HikariPool-1 - Starting...
2026-06-06T04:09:21.468-04:00  INFO 24684 --- [Trinity Clinic Manager] [main] com.zaxxer.hikari.pool.HikariPool        : HikariPool-1 - Added connection org.postgresql.jdbc.PgConnection@1d0f7bcf
2026-06-06T04:09:21.476-04:00  INFO 24684 --- [Trinity Clinic Manager] [main] com.zaxxer.hikari.HikariDataSource       : HikariPool-1 - Start completed.
2026-06-06T04:09:21.537-04:00 DEBUG 24684 --- [Trinity Clinic Manager] [main] o.f.c.i.resource.ResourceNameValidator   : Validating V1__init_schema.sql
2026-06-06T04:09:21.557-04:00 DEBUG 24684 --- [Trinity Clinic Manager] [main] o.f.c.i.database.DatabaseTypeRegister    : Multiple databases found that handle url 'jdbc:postgresql://localhost:5432/trinity_db?currentSchema=clinic': CockroachDB,PostgreSQL
2026-06-06T04:09:21.559-04:00  INFO 24684 --- [Trinity Clinic Manager] [main] org.flywaydb.core.FlywayExecutor         : Database: jdbc:postgresql://localhost:5432/trinity_db?currentSchema=clinic (PostgreSQL 18.4)
2026-06-06T04:09:21.559-04:00 DEBUG 24684 --- [Trinity Clinic Manager] [main] org.flywaydb.core.FlywayExecutor         : Database Type: PostgreSQL
2026-06-06T04:09:21.559-04:00 DEBUG 24684 --- [Trinity Clinic Manager] [main] org.flywaydb.core.FlywayExecutor         : Driver: PostgreSQL JDBC Driver 42.7.10
2026-06-06T04:09:21.560-04:00 DEBUG 24684 --- [Trinity Clinic Manager] [main] org.flywaydb.core.FlywayExecutor         : DDL Transactions Supported: true
2026-06-06T04:09:21.564-04:00 DEBUG 24684 --- [Trinity Clinic Manager] [main] o.f.c.i.s.SchemaHistoryFactory           : Schemas: clinic
2026-06-06T04:09:21.565-04:00 DEBUG 24684 --- [Trinity Clinic Manager] [main] o.f.c.i.s.SchemaHistoryFactory           : Default schema: null
2026-06-06T04:09:21.591-04:00 DEBUG 24684 --- [Trinity Clinic Manager] [main] org.flywaydb.core.FlywayExecutor         : Scanning for script callbacks ...
2026-06-06T04:09:21.603-04:00 DEBUG 24684 --- [Trinity Clinic Manager] [main] o.f.c.i.c.SqlScriptCallbackFactory       : Scanning for SQL callbacks ...
2026-06-06T04:09:21.642-04:00 DEBUG 24684 --- [Trinity Clinic Manager] [main] o.f.core.internal.command.DbValidate     : Validating migrations ...
2026-06-06T04:09:21.652-04:00 DEBUG 24684 --- [Trinity Clinic Manager] [main] o.f.c.a.c.ClassicConfiguration           : CherryPickConfigurationExtension not found
2026-06-06T04:09:21.694-04:00 DEBUG 24684 --- [Trinity Clinic Manager] [main] o.f.core.internal.scanner.Scanner        : Filtering out resource: db/migration/V1__init_schema.sql (filename: V1__init_schema.sql)
2026-06-06T04:09:21.701-04:00 DEBUG 24684 --- [Trinity Clinic Manager] [main] o.f.core.internal.scanner.Scanner        : Filtering out resource: db/migration/V1__init_schema.sql (filename: V1__init_schema.sql)
2026-06-06T04:09:21.706-04:00 DEBUG 24684 --- [Trinity Clinic Manager] [main] o.f.core.internal.scanner.Scanner        : Filtering out resource: db/migration/V1__init_schema.sql (filename: V1__init_schema.sql)
2026-06-06T04:09:21.707-04:00 DEBUG 24684 --- [Trinity Clinic Manager] [main] o.f.core.internal.scanner.Scanner        : Filtering out resource: db/migration/V1__init_schema.sql (filename: V1__init_schema.sql)
2026-06-06T04:09:21.844-04:00  INFO 24684 --- [Trinity Clinic Manager] [main] o.f.core.internal.command.DbValidate     : Successfully validated 2 migrations (execution time 00:00.196s)
2026-06-06T04:09:21.856-04:00 DEBUG 24684 --- [Trinity Clinic Manager] [main] o.f.core.internal.command.DbSchemas      : Skipping creation of existing schema: "clinic"
2026-06-06T04:09:21.887-04:00 DEBUG 24684 --- [Trinity Clinic Manager] [main] o.f.c.a.c.ClassicConfiguration           : CherryPickConfigurationExtension not found
2026-06-06T04:09:21.893-04:00  INFO 24684 --- [Trinity Clinic Manager] [main] o.f.core.internal.command.DbMigrate      : Current version of schema "clinic": 1
2026-06-06T04:09:21.921-04:00  INFO 24684 --- [Trinity Clinic Manager] [main] o.f.core.internal.command.DbMigrate      : Schema "clinic" is up to date. No migration necessary.
2026-06-06T04:09:21.959-04:00 DEBUG 24684 --- [Trinity Clinic Manager] [main] org.flywaydb.core.FlywayExecutor         : Memory usage: 52 of 96M
2026-06-06T04:09:22.571-04:00  INFO 24684 --- [Trinity Clinic Manager] [main] org.hibernate.orm.jpa                    : HHH008540: Processing PersistenceUnitInfo [name: default]
2026-06-06T04:09:22.720-04:00  INFO 24684 --- [Trinity Clinic Manager] [main] org.hibernate.orm.core                   : HHH000001: Hibernate ORM core version 7.2.12.Final
2026-06-06T04:09:24.199-04:00  INFO 24684 --- [Trinity Clinic Manager] [main] o.s.o.j.p.SpringPersistenceUnitInfo      : No LoadTimeWeaver setup: ignoring JPA class transformer
2026-06-06T04:09:24.347-04:00  WARN 24684 --- [Trinity Clinic Manager] [main] org.hibernate.orm.deprecation            : HHH90000025: PostgreSQLDialect does not need to be specified explicitly using 'hibernate.dialect' (remove the property setting and it will be selected by default)
2026-06-06T04:09:24.395-04:00  INFO 24684 --- [Trinity Clinic Manager] [main] org.hibernate.orm.connections.pooling    : HHH10001005: Database info:
	Database JDBC URL [jdbc:postgresql://localhost:5432/trinity_db?currentSchema=clinic]
	Database driver: PostgreSQL JDBC Driver
	Database dialect: PostgreSQLDialect
	Database version: 18.4
	Default catalog/schema: trinity_db/clinic
	Autocommit mode: undefined/unknown
	Isolation level: READ_COMMITTED [default READ_COMMITTED]
	JDBC fetch size: none
	Pool: DataSourceConnectionProvider
	Minimum pool size: undefined/unknown
	Maximum pool size: undefined/unknown
2026-06-06T04:09:27.903-04:00  INFO 24684 --- [Trinity Clinic Manager] [main] org.hibernate.orm.core                   : HHH000489: No JTA platform available (set 'hibernate.transaction.jta.platform' to enable JTA platform integration)
2026-06-06T04:09:28.118-04:00  INFO 24684 --- [Trinity Clinic Manager] [main] j.LocalContainerEntityManagerFactoryBean : Initialized JPA EntityManagerFactory for persistence unit 'default'
2026-06-06T04:09:28.485-04:00  INFO 24684 --- [Trinity Clinic Manager] [main] o.s.d.j.r.query.QueryEnhancerFactories   : Hibernate is in classpath; If applicable, HQL parser will be used.
2026-06-06T04:09:30.407-04:00  WARN 24684 --- [Trinity Clinic Manager] [main] r$InitializeUserDetailsManagerConfigurer : Global AuthenticationManager configured with an AuthenticationProvider bean. UserDetailsService beans will not be used by Spring Security for automatically configuring username/password login. Consider removing the AuthenticationProvider bean. Alternatively, consider using the UserDetailsService in a manually instantiated DaoAuthenticationProvider. If the current configuration is intentional, to turn off this warning, increase the logging level of 'org.springframework.security.config.annotation.authentication.configuration.InitializeUserDetailsBeanManagerConfigurer' to ERROR
2026-06-06T04:09:38.256-04:00  INFO 24684 --- [Trinity Clinic Manager] [main] c.r.stream.impl.StreamEnvironment        : Connecting to localhost with guest user, assuming development environment
2026-06-06T04:09:38.257-04:00  INFO 24684 --- [Trinity Clinic Manager] [main] c.r.stream.impl.StreamEnvironment        : Using address resolver to always connect to localhost
2026-06-06T04:09:39.108-04:00  INFO 24684 --- [Trinity Clinic Manager] [main] o.s.b.a.e.web.EndpointLinksResolver      : Exposing 1 endpoint beneath base path '/actuator'
2026-06-06T04:09:39.423-04:00  INFO 24684 --- [Trinity Clinic Manager] [main] o.s.boot.tomcat.TomcatWebServer          : Tomcat started on port 8080 (http) with context path '/trinity'
2026-06-06T04:09:39.455-04:00  INFO 24684 --- [Trinity Clinic Manager] [main] i.s.s.t.services.TrinityApplication      : Started TrinityApplication in 29.401 seconds (process running for 33.207)
2026-06-06T04:09:39.478-04:00  INFO 24684 --- [Trinity Clinic Manager] [main] i.s.s.t.s.middleware.ApplicationReady    : Application [[31mTrinity Clinic Manager[0m] entièrement initialisée
2026-06-06T04:09:49.968-04:00  INFO 24684 --- [Trinity Clinic Manager] [http-nio-8080-exec-1] o.apache.tomcat.util.http.parser.Cookie  : A cookie header was received [g_state={"i_l":0,"i_ll":1780527310595,"i_b":"RrnF9rn4h5bAm0uPO0FhumpPXVQEEacpBt0St9R0O9w","i_e":{"enable_itp_optimization":0},"i_et":1778615391785};] that contained an invalid cookie. That cookie will be ignored.
 Note: further occurrences of this error will be logged at DEBUG level.
2026-06-06T04:09:49.988-04:00  INFO 24684 --- [Trinity Clinic Manager] [http-nio-8080-exec-1] o.a.c.c.C.[.[localhost].[/trinity]       : Initializing Spring DispatcherServlet 'dispatcherServlet'
2026-06-06T04:09:49.989-04:00  INFO 24684 --- [Trinity Clinic Manager] [http-nio-8080-exec-1] o.s.web.servlet.DispatcherServlet        : Initializing Servlet 'dispatcherServlet'
2026-06-06T04:09:49.997-04:00  INFO 24684 --- [Trinity Clinic Manager] [http-nio-8080-exec-1] o.s.web.servlet.DispatcherServlet        : Completed initialization in 7 ms
2026-06-06T04:09:53.656-04:00  WARN 24684 --- [Trinity Clinic Manager] [http-nio-8080-exec-2] ration$PageModule$WarningLoggingModifier : Serializing PageImpl instances as-is is not supported, meaning that there is no guarantee about the stability of the resulting JSON structure!
	For a stable JSON structure, please use Spring Data's PagedModel (globally via @EnableSpringDataWebSupport(pageSerializationMode = VIA_DTO))
	or Spring HATEOAS and Spring Data's PagedResourcesAssembler as documented in https://docs.spring.io/spring-data/commons/reference/repositories/core-extensions.html#core.web.pageables.

2026-06-06T04:10:22.198-04:00  WARN 24684 --- [Trinity Clinic Manager] [http-nio-8080-exec-5] org.hibernate.orm.jdbc.error             : HHH000247: ErrorCode: 0, SQLState: 22001
2026-06-06T04:10:22.198-04:00  WARN 24684 --- [Trinity Clinic Manager] [http-nio-8080-exec-5] org.hibernate.orm.jdbc.error             : ERREUR: value too long for type character varying(5)
2026-06-06T04:11:08.934-04:00  WARN 24684 --- [Trinity Clinic Manager] [HikariPool-1:housekeeper] com.zaxxer.hikari.pool.HikariPool        : HikariPool-1 - Thread starvation or clock leap detected (housekeeper delta=46s948ms616µs400ns).
2026-06-06T04:12:12.822-04:00  WARN 24684 --- [Trinity Clinic Manager] [http-nio-8080-exec-8] org.hibernate.orm.jdbc.error             : HHH000247: ErrorCode: 0, SQLState: 22001
2026-06-06T04:12:12.822-04:00  WARN 24684 --- [Trinity Clinic Manager] [http-nio-8080-exec-8] org.hibernate.orm.jdbc.error             : ERREUR: value too long for type character varying(5)
2026-06-06T04:12:38.917-04:00  WARN 24684 --- [Trinity Clinic Manager] [http-nio-8080-exec-10] org.hibernate.orm.jdbc.error             : HHH000247: ErrorCode: 0, SQLState: 22001
2026-06-06T04:12:38.918-04:00  WARN 24684 --- [Trinity Clinic Manager] [http-nio-8080-exec-10] org.hibernate.orm.jdbc.error             : ERREUR: value too long for type character varying(5)
2026-06-06T04:14:33.425-04:00  INFO 24684 --- [Trinity Clinic Manager] [SpringApplicationShutdownHook] o.s.boot.tomcat.GracefulShutdown         : Commencing graceful shutdown. Waiting for active requests to complete
2026-06-06T04:14:33.450-04:00  INFO 24684 --- [Trinity Clinic Manager] [tomcat-shutdown] o.s.boot.tomcat.GracefulShutdown         : Graceful shutdown complete
2026-06-06T04:14:34.621-04:00  INFO 24684 --- [Trinity Clinic Manager] [SpringApplicationShutdownHook] j.LocalContainerEntityManagerFactoryBean : Closing JPA EntityManagerFactory for persistence unit 'default'
2026-06-06T04:14:34.629-04:00  INFO 24684 --- [Trinity Clinic Manager] [SpringApplicationShutdownHook] com.zaxxer.hikari.HikariDataSource       : HikariPool-1 - Shutdown initiated...
2026-06-06T04:14:34.651-04:00  INFO 24684 --- [Trinity Clinic Manager] [SpringApplicationShutdownHook] com.zaxxer.hikari.HikariDataSource       : HikariPool-1 - Shutdown completed.
2026-06-06T04:15:02.691-04:00  INFO 16568 --- [Trinity Clinic Manager] [main] i.s.s.t.services.TrinityApplication      : Starting TrinityApplication using Java 21.0.10 with PID 16568 (G:\DevSpace\backend\clinique-trinite\services\target\classes started by Gennesis in G:\DevSpace\backend\clinique-trinite)
2026-06-06T04:15:02.704-04:00 DEBUG 16568 --- [Trinity Clinic Manager] [main] i.s.s.t.services.TrinityApplication      : Running with Spring Boot v4.0.6, Spring v7.0.7
2026-06-06T04:15:02.707-04:00  INFO 16568 --- [Trinity Clinic Manager] [main] i.s.s.t.services.TrinityApplication      : The following 1 profile is active: "dev"
2026-06-06T04:15:06.181-04:00  INFO 16568 --- [Trinity Clinic Manager] [main] .s.d.r.c.RepositoryConfigurationDelegate : Multiple Spring Data modules found, entering strict repository configuration mode
2026-06-06T04:15:06.182-04:00  INFO 16568 --- [Trinity Clinic Manager] [main] .s.d.r.c.RepositoryConfigurationDelegate : Bootstrapping Spring Data JPA repositories in DEFAULT mode.
2026-06-06T04:15:06.768-04:00  INFO 16568 --- [Trinity Clinic Manager] [main] .s.d.r.c.RepositoryConfigurationDelegate : Finished Spring Data repository scanning in 551 ms. Found 2 JPA repository interfaces.
2026-06-06T04:15:08.321-04:00  INFO 16568 --- [Trinity Clinic Manager] [main] .s.d.r.c.RepositoryConfigurationDelegate : Multiple Spring Data modules found, entering strict repository configuration mode
2026-06-06T04:15:08.324-04:00  INFO 16568 --- [Trinity Clinic Manager] [main] .s.d.r.c.RepositoryConfigurationDelegate : Bootstrapping Spring Data Redis repositories in DEFAULT mode.
2026-06-06T04:15:08.371-04:00  INFO 16568 --- [Trinity Clinic Manager] [main] .s.d.r.c.RepositoryConfigurationDelegate : Finished Spring Data repository scanning in 21 ms. Found 0 Redis repository interfaces.
2026-06-06T04:15:10.426-04:00  INFO 16568 --- [Trinity Clinic Manager] [main] o.s.boot.tomcat.TomcatWebServer          : Tomcat initialized with port 8080 (http)
2026-06-06T04:15:10.475-04:00  INFO 16568 --- [Trinity Clinic Manager] [main] o.apache.catalina.core.StandardService   : Starting service [Tomcat]
2026-06-06T04:15:10.476-04:00  INFO 16568 --- [Trinity Clinic Manager] [main] o.apache.catalina.core.StandardEngine    : Starting Servlet engine: [Apache Tomcat/11.0.21]
2026-06-06T04:15:10.712-04:00  INFO 16568 --- [Trinity Clinic Manager] [main] b.w.c.s.WebApplicationContextInitializer : Root WebApplicationContext: initialization completed in 7781 ms
2026-06-06T04:15:11.775-04:00 DEBUG 16568 --- [Trinity Clinic Manager] [main] o.f.c.i.s.classpath.ClassPathScanner     : Scanning for classpath resources at 'classpath:db/callback' ...
2026-06-06T04:15:11.776-04:00 DEBUG 16568 --- [Trinity Clinic Manager] [main] o.f.c.i.s.classpath.ClassPathScanner     : Determining location urls for classpath:db/callback using ClassLoader TomcatEmbeddedWebappClassLoader
  context: trinity
  delegate: true
----------> Parent Classloader:
jdk.internal.loader.ClassLoaders$AppClassLoader@76ed5528
 ...
2026-06-06T04:15:11.777-04:00 DEBUG 16568 --- [Trinity Clinic Manager] [main] o.f.c.i.s.classpath.ClassPathScanner     : Unable to resolve location classpath:db/callback.
2026-06-06T04:15:11.777-04:00 DEBUG 16568 --- [Trinity Clinic Manager] [main] o.f.c.i.s.classpath.ClassPathScanner     : Scanning for classpath resources at 'classpath:db/migration' ...
2026-06-06T04:15:11.778-04:00 DEBUG 16568 --- [Trinity Clinic Manager] [main] o.f.c.i.s.classpath.ClassPathScanner     : Determining location urls for classpath:db/migration using ClassLoader TomcatEmbeddedWebappClassLoader
  context: trinity
  delegate: true
----------> Parent Classloader:
jdk.internal.loader.ClassLoaders$AppClassLoader@76ed5528
 ...
2026-06-06T04:15:11.779-04:00 DEBUG 16568 --- [Trinity Clinic Manager] [main] o.f.c.i.s.classpath.ClassPathScanner     : Scanning URL: file:/G:/DevSpace/backend/clinique-trinite/services/target/classes/db/migration
2026-06-06T04:15:11.783-04:00 DEBUG 16568 --- [Trinity Clinic Manager] [main] i.s.c.FileSystemClassPathLocationScanner : Scanning starting at classpath root in filesystem: G:\DevSpace\backend\clinique-trinite\services\target\classes\
2026-06-06T04:15:11.784-04:00 DEBUG 16568 --- [Trinity Clinic Manager] [main] i.s.c.FileSystemClassPathLocationScanner : Scanning for resources in path: G:\DevSpace\backend\clinique-trinite\services\target\classes\db\migration (db/migration)
2026-06-06T04:15:11.790-04:00 DEBUG 16568 --- [Trinity Clinic Manager] [main] o.f.c.i.s.classpath.ClassPathScanner     : Found resource: db/migration/V1__init_schema.sql
2026-06-06T04:15:11.793-04:00 DEBUG 16568 --- [Trinity Clinic Manager] [main] o.f.c.i.s.classpath.ClassPathScanner     : Scanning for classpath resources at 'classpath:db/migration' ...
2026-06-06T04:15:11.793-04:00 DEBUG 16568 --- [Trinity Clinic Manager] [main] o.f.c.i.s.classpath.ClassPathScanner     : Determining location urls for classpath:db/migration using ClassLoader TomcatEmbeddedWebappClassLoader
  context: trinity
  delegate: true
----------> Parent Classloader:
jdk.internal.loader.ClassLoaders$AppClassLoader@76ed5528
 ...
2026-06-06T04:15:11.794-04:00 DEBUG 16568 --- [Trinity Clinic Manager] [main] o.f.c.i.s.classpath.ClassPathScanner     : Scanning URL: file:/G:/DevSpace/backend/clinique-trinite/services/target/classes/db/migration
2026-06-06T04:15:11.795-04:00 DEBUG 16568 --- [Trinity Clinic Manager] [main] o.f.c.i.s.classpath.ClassPathScanner     : Found resource: db/migration/V1__init_schema.sql
2026-06-06T04:15:11.796-04:00 DEBUG 16568 --- [Trinity Clinic Manager] [main] o.f.c.i.s.classpath.ClassPathScanner     : Scanning for classes at classpath:db/migration
2026-06-06T04:15:11.804-04:00  INFO 16568 --- [Trinity Clinic Manager] [main] com.zaxxer.hikari.HikariDataSource       : HikariPool-1 - Starting...
2026-06-06T04:15:12.356-04:00  INFO 16568 --- [Trinity Clinic Manager] [main] com.zaxxer.hikari.pool.HikariPool        : HikariPool-1 - Added connection org.postgresql.jdbc.PgConnection@d0e4972
2026-06-06T04:15:12.361-04:00  INFO 16568 --- [Trinity Clinic Manager] [main] com.zaxxer.hikari.HikariDataSource       : HikariPool-1 - Start completed.
2026-06-06T04:15:12.442-04:00 DEBUG 16568 --- [Trinity Clinic Manager] [main] o.f.c.i.resource.ResourceNameValidator   : Validating V1__init_schema.sql
2026-06-06T04:15:12.466-04:00 DEBUG 16568 --- [Trinity Clinic Manager] [main] o.f.c.i.database.DatabaseTypeRegister    : Multiple databases found that handle url 'jdbc:postgresql://localhost:5432/trinity_db?currentSchema=clinic': CockroachDB,PostgreSQL
2026-06-06T04:15:12.468-04:00  INFO 16568 --- [Trinity Clinic Manager] [main] org.flywaydb.core.FlywayExecutor         : Database: jdbc:postgresql://localhost:5432/trinity_db?currentSchema=clinic (PostgreSQL 18.4)
2026-06-06T04:15:12.469-04:00 DEBUG 16568 --- [Trinity Clinic Manager] [main] org.flywaydb.core.FlywayExecutor         : Database Type: PostgreSQL
2026-06-06T04:15:12.470-04:00 DEBUG 16568 --- [Trinity Clinic Manager] [main] org.flywaydb.core.FlywayExecutor         : Driver: PostgreSQL JDBC Driver 42.7.10
2026-06-06T04:15:12.472-04:00 DEBUG 16568 --- [Trinity Clinic Manager] [main] org.flywaydb.core.FlywayExecutor         : DDL Transactions Supported: true
2026-06-06T04:15:12.478-04:00 DEBUG 16568 --- [Trinity Clinic Manager] [main] o.f.c.i.s.SchemaHistoryFactory           : Schemas: clinic
2026-06-06T04:15:12.481-04:00 DEBUG 16568 --- [Trinity Clinic Manager] [main] o.f.c.i.s.SchemaHistoryFactory           : Default schema: null
2026-06-06T04:15:12.518-04:00 DEBUG 16568 --- [Trinity Clinic Manager] [main] org.flywaydb.core.FlywayExecutor         : Scanning for script callbacks ...
2026-06-06T04:15:12.529-04:00 DEBUG 16568 --- [Trinity Clinic Manager] [main] o.f.c.i.c.SqlScriptCallbackFactory       : Scanning for SQL callbacks ...
2026-06-06T04:15:12.570-04:00 DEBUG 16568 --- [Trinity Clinic Manager] [main] o.f.core.internal.command.DbValidate     : Validating migrations ...
2026-06-06T04:15:12.585-04:00 DEBUG 16568 --- [Trinity Clinic Manager] [main] o.f.c.a.c.ClassicConfiguration           : CherryPickConfigurationExtension not found
2026-06-06T04:15:12.654-04:00 DEBUG 16568 --- [Trinity Clinic Manager] [main] o.f.core.internal.scanner.Scanner        : Filtering out resource: db/migration/V1__init_schema.sql (filename: V1__init_schema.sql)
2026-06-06T04:15:12.669-04:00 DEBUG 16568 --- [Trinity Clinic Manager] [main] o.f.core.internal.scanner.Scanner        : Filtering out resource: db/migration/V1__init_schema.sql (filename: V1__init_schema.sql)
2026-06-06T04:15:12.671-04:00 DEBUG 16568 --- [Trinity Clinic Manager] [main] o.f.core.internal.scanner.Scanner        : Filtering out resource: db/migration/V1__init_schema.sql (filename: V1__init_schema.sql)
2026-06-06T04:15:12.672-04:00 DEBUG 16568 --- [Trinity Clinic Manager] [main] o.f.core.internal.scanner.Scanner        : Filtering out resource: db/migration/V1__init_schema.sql (filename: V1__init_schema.sql)
2026-06-06T04:15:12.737-04:00  INFO 16568 --- [Trinity Clinic Manager] [main] o.f.core.internal.command.DbValidate     : Successfully validated 2 migrations (execution time 00:00.163s)
2026-06-06T04:15:12.749-04:00 DEBUG 16568 --- [Trinity Clinic Manager] [main] o.f.core.internal.command.DbSchemas      : Skipping creation of existing schema: "clinic"
2026-06-06T04:15:12.776-04:00 DEBUG 16568 --- [Trinity Clinic Manager] [main] o.f.c.a.c.ClassicConfiguration           : CherryPickConfigurationExtension not found
2026-06-06T04:15:12.783-04:00  INFO 16568 --- [Trinity Clinic Manager] [main] o.f.core.internal.command.DbMigrate      : Current version of schema "clinic": 1
2026-06-06T04:15:12.794-04:00  INFO 16568 --- [Trinity Clinic Manager] [main] o.f.core.internal.command.DbMigrate      : Schema "clinic" is up to date. No migration necessary.
2026-06-06T04:15:12.820-04:00 DEBUG 16568 --- [Trinity Clinic Manager] [main] org.flywaydb.core.FlywayExecutor         : Memory usage: 48 of 96M
2026-06-06T04:15:13.139-04:00  INFO 16568 --- [Trinity Clinic Manager] [main] org.hibernate.orm.jpa                    : HHH008540: Processing PersistenceUnitInfo [name: default]
2026-06-06T04:15:13.310-04:00  INFO 16568 --- [Trinity Clinic Manager] [main] org.hibernate.orm.core                   : HHH000001: Hibernate ORM core version 7.2.12.Final
2026-06-06T04:15:14.864-04:00  INFO 16568 --- [Trinity Clinic Manager] [main] o.s.o.j.p.SpringPersistenceUnitInfo      : No LoadTimeWeaver setup: ignoring JPA class transformer
2026-06-06T04:15:15.008-04:00  WARN 16568 --- [Trinity Clinic Manager] [main] org.hibernate.orm.deprecation            : HHH90000025: PostgreSQLDialect does not need to be specified explicitly using 'hibernate.dialect' (remove the property setting and it will be selected by default)
2026-06-06T04:15:15.055-04:00  INFO 16568 --- [Trinity Clinic Manager] [main] org.hibernate.orm.connections.pooling    : HHH10001005: Database info:
	Database JDBC URL [jdbc:postgresql://localhost:5432/trinity_db?currentSchema=clinic]
	Database driver: PostgreSQL JDBC Driver
	Database dialect: PostgreSQLDialect
	Database version: 18.4
	Default catalog/schema: trinity_db/clinic
	Autocommit mode: undefined/unknown
	Isolation level: READ_COMMITTED [default READ_COMMITTED]
	JDBC fetch size: none
	Pool: DataSourceConnectionProvider
	Minimum pool size: undefined/unknown
	Maximum pool size: undefined/unknown
2026-06-06T04:15:17.794-04:00  INFO 16568 --- [Trinity Clinic Manager] [main] org.hibernate.orm.core                   : HHH000489: No JTA platform available (set 'hibernate.transaction.jta.platform' to enable JTA platform integration)
2026-06-06T04:15:17.909-04:00  INFO 16568 --- [Trinity Clinic Manager] [main] j.LocalContainerEntityManagerFactoryBean : Initialized JPA EntityManagerFactory for persistence unit 'default'
2026-06-06T04:15:18.105-04:00  INFO 16568 --- [Trinity Clinic Manager] [main] o.s.d.j.r.query.QueryEnhancerFactories   : Hibernate is in classpath; If applicable, HQL parser will be used.
2026-06-06T04:15:19.305-04:00  WARN 16568 --- [Trinity Clinic Manager] [main] r$InitializeUserDetailsManagerConfigurer : Global AuthenticationManager configured with an AuthenticationProvider bean. UserDetailsService beans will not be used by Spring Security for automatically configuring username/password login. Consider removing the AuthenticationProvider bean. Alternatively, consider using the UserDetailsService in a manually instantiated DaoAuthenticationProvider. If the current configuration is intentional, to turn off this warning, increase the logging level of 'org.springframework.security.config.annotation.authentication.configuration.InitializeUserDetailsBeanManagerConfigurer' to ERROR
2026-06-06T04:15:25.360-04:00  INFO 16568 --- [Trinity Clinic Manager] [main] c.r.stream.impl.StreamEnvironment        : Connecting to localhost with guest user, assuming development environment
2026-06-06T04:15:25.362-04:00  INFO 16568 --- [Trinity Clinic Manager] [main] c.r.stream.impl.StreamEnvironment        : Using address resolver to always connect to localhost
2026-06-06T04:15:26.150-04:00  INFO 16568 --- [Trinity Clinic Manager] [main] o.s.b.a.e.web.EndpointLinksResolver      : Exposing 1 endpoint beneath base path '/actuator'
2026-06-06T04:15:26.471-04:00  INFO 16568 --- [Trinity Clinic Manager] [main] o.s.boot.tomcat.TomcatWebServer          : Tomcat started on port 8080 (http) with context path '/trinity'
2026-06-06T04:15:26.514-04:00  INFO 16568 --- [Trinity Clinic Manager] [main] i.s.s.t.services.TrinityApplication      : Started TrinityApplication in 25.993 seconds (process running for 30.801)
2026-06-06T04:15:26.541-04:00  INFO 16568 --- [Trinity Clinic Manager] [main] i.s.s.t.s.middleware.ApplicationReady    : Application [[31mTrinity Clinic Manager[0m] entièrement initialisée
2026-06-06T04:15:37.292-04:00  INFO 16568 --- [Trinity Clinic Manager] [http-nio-8080-exec-1] o.a.c.c.C.[.[localhost].[/trinity]       : Initializing Spring DispatcherServlet 'dispatcherServlet'
2026-06-06T04:15:37.293-04:00  INFO 16568 --- [Trinity Clinic Manager] [http-nio-8080-exec-1] o.s.web.servlet.DispatcherServlet        : Initializing Servlet 'dispatcherServlet'
2026-06-06T04:15:37.296-04:00  INFO 16568 --- [Trinity Clinic Manager] [http-nio-8080-exec-1] o.s.web.servlet.DispatcherServlet        : Completed initialization in 3 ms
2026-06-06T04:15:37.541-04:00  INFO 16568 --- [Trinity Clinic Manager] [http-nio-8080-exec-2] o.apache.tomcat.util.http.parser.Cookie  : A cookie header was received [g_state={"i_l":0,"i_ll":1780527310595,"i_b":"RrnF9rn4h5bAm0uPO0FhumpPXVQEEacpBt0St9R0O9w","i_e":{"enable_itp_optimization":0},"i_et":1778615391785};] that contained an invalid cookie. That cookie will be ignored.
 Note: further occurrences of this error will be logged at DEBUG level.
2026-06-06T04:15:45.228-04:00  WARN 16568 --- [Trinity Clinic Manager] [http-nio-8080-exec-2] org.hibernate.orm.jdbc.error             : HHH000247: ErrorCode: 0, SQLState: 22001
2026-06-06T04:15:45.229-04:00  WARN 16568 --- [Trinity Clinic Manager] [http-nio-8080-exec-2] org.hibernate.orm.jdbc.error             : ERREUR: value too long for type character varying(5)
2026-06-06T04:17:51.572-04:00  WARN 16568 --- [Trinity Clinic Manager] [HikariPool-1:housekeeper] com.zaxxer.hikari.pool.HikariPool        : HikariPool-1 - Thread starvation or clock leap detected (housekeeper delta=2m8s509ms274µs).
2026-06-06T04:18:04.391-04:00  WARN 16568 --- [Trinity Clinic Manager] [http-nio-8080-exec-5] org.hibernate.orm.jdbc.error             : HHH000247: ErrorCode: 0, SQLState: 22001
2026-06-06T04:18:04.392-04:00  WARN 16568 --- [Trinity Clinic Manager] [http-nio-8080-exec-5] org.hibernate.orm.jdbc.error             : ERREUR: value too long for type character varying(5)
2026-06-06T04:18:16.555-04:00  WARN 16568 --- [Trinity Clinic Manager] [http-nio-8080-exec-7] org.hibernate.orm.jdbc.error             : HHH000247: ErrorCode: 0, SQLState: 22001
2026-06-06T04:18:16.555-04:00  WARN 16568 --- [Trinity Clinic Manager] [http-nio-8080-exec-7] org.hibernate.orm.jdbc.error             : ERREUR: value too long for type character varying(5)
2026-06-06T04:18:56.335-04:00  WARN 16568 --- [Trinity Clinic Manager] [HikariPool-1:housekeeper] com.zaxxer.hikari.pool.HikariPool        : HikariPool-1 - Thread starvation or clock leap detected (housekeeper delta=1m4s762ms515µs800ns).
2026-06-06T04:19:11.654-04:00  INFO 16568 --- [Trinity Clinic Manager] [SpringApplicationShutdownHook] o.s.boot.tomcat.GracefulShutdown         : Commencing graceful shutdown. Waiting for active requests to complete
2026-06-06T04:19:11.672-04:00  INFO 16568 --- [Trinity Clinic Manager] [tomcat-shutdown] o.s.boot.tomcat.GracefulShutdown         : Graceful shutdown complete
2026-06-06T04:19:12.843-04:00  INFO 16568 --- [Trinity Clinic Manager] [SpringApplicationShutdownHook] j.LocalContainerEntityManagerFactoryBean : Closing JPA EntityManagerFactory for persistence unit 'default'
2026-06-06T04:19:12.848-04:00  INFO 16568 --- [Trinity Clinic Manager] [SpringApplicationShutdownHook] com.zaxxer.hikari.HikariDataSource       : HikariPool-1 - Shutdown initiated...
2026-06-06T04:19:12.858-04:00  INFO 16568 --- [Trinity Clinic Manager] [SpringApplicationShutdownHook] com.zaxxer.hikari.HikariDataSource       : HikariPool-1 - Shutdown completed.
2026-06-06T04:19:32.950-04:00  INFO 10748 --- [Trinity Clinic Manager] [main] i.s.s.t.services.TrinityApplication      : Starting TrinityApplication using Java 21.0.10 with PID 10748 (G:\DevSpace\backend\clinique-trinite\services\target\classes started by Gennesis in G:\DevSpace\backend\clinique-trinite)
2026-06-06T04:19:32.965-04:00 DEBUG 10748 --- [Trinity Clinic Manager] [main] i.s.s.t.services.TrinityApplication      : Running with Spring Boot v4.0.6, Spring v7.0.7
2026-06-06T04:19:32.968-04:00  INFO 10748 --- [Trinity Clinic Manager] [main] i.s.s.t.services.TrinityApplication      : The following 1 profile is active: "dev"
2026-06-06T04:19:39.462-04:00  INFO 10748 --- [Trinity Clinic Manager] [main] .s.d.r.c.RepositoryConfigurationDelegate : Multiple Spring Data modules found, entering strict repository configuration mode
2026-06-06T04:19:39.463-04:00  INFO 10748 --- [Trinity Clinic Manager] [main] .s.d.r.c.RepositoryConfigurationDelegate : Bootstrapping Spring Data JPA repositories in DEFAULT mode.
2026-06-06T04:19:40.532-04:00  INFO 10748 --- [Trinity Clinic Manager] [main] .s.d.r.c.RepositoryConfigurationDelegate : Finished Spring Data repository scanning in 975 ms. Found 2 JPA repository interfaces.
2026-06-06T04:19:47.087-04:00  INFO 10748 --- [Trinity Clinic Manager] [main] .s.d.r.c.RepositoryConfigurationDelegate : Multiple Spring Data modules found, entering strict repository configuration mode
2026-06-06T04:19:47.097-04:00  INFO 10748 --- [Trinity Clinic Manager] [main] .s.d.r.c.RepositoryConfigurationDelegate : Bootstrapping Spring Data Redis repositories in DEFAULT mode.
2026-06-06T04:19:47.192-04:00  INFO 10748 --- [Trinity Clinic Manager] [main] .s.d.r.c.RepositoryConfigurationDelegate : Finished Spring Data repository scanning in 41 ms. Found 0 Redis repository interfaces.
2026-06-06T04:19:51.631-04:00  INFO 10748 --- [Trinity Clinic Manager] [main] o.s.boot.tomcat.TomcatWebServer          : Tomcat initialized with port 8080 (http)
2026-06-06T04:19:51.691-04:00  INFO 10748 --- [Trinity Clinic Manager] [main] o.apache.catalina.core.StandardService   : Starting service [Tomcat]
2026-06-06T04:19:51.692-04:00  INFO 10748 --- [Trinity Clinic Manager] [main] o.apache.catalina.core.StandardEngine    : Starting Servlet engine: [Apache Tomcat/11.0.21]
2026-06-06T04:19:51.987-04:00  INFO 10748 --- [Trinity Clinic Manager] [main] b.w.c.s.WebApplicationContextInitializer : Root WebApplicationContext: initialization completed in 18670 ms
2026-06-06T04:19:53.356-04:00 DEBUG 10748 --- [Trinity Clinic Manager] [main] o.f.c.i.s.classpath.ClassPathScanner     : Scanning for classpath resources at 'classpath:db/callback' ...
2026-06-06T04:19:53.358-04:00 DEBUG 10748 --- [Trinity Clinic Manager] [main] o.f.c.i.s.classpath.ClassPathScanner     : Determining location urls for classpath:db/callback using ClassLoader TomcatEmbeddedWebappClassLoader
  context: trinity
  delegate: true
----------> Parent Classloader:
jdk.internal.loader.ClassLoaders$AppClassLoader@76ed5528
 ...
2026-06-06T04:19:53.358-04:00 DEBUG 10748 --- [Trinity Clinic Manager] [main] o.f.c.i.s.classpath.ClassPathScanner     : Unable to resolve location classpath:db/callback.
2026-06-06T04:19:53.358-04:00 DEBUG 10748 --- [Trinity Clinic Manager] [main] o.f.c.i.s.classpath.ClassPathScanner     : Scanning for classpath resources at 'classpath:db/migration' ...
2026-06-06T04:19:53.359-04:00 DEBUG 10748 --- [Trinity Clinic Manager] [main] o.f.c.i.s.classpath.ClassPathScanner     : Determining location urls for classpath:db/migration using ClassLoader TomcatEmbeddedWebappClassLoader
  context: trinity
  delegate: true
----------> Parent Classloader:
jdk.internal.loader.ClassLoaders$AppClassLoader@76ed5528
 ...
2026-06-06T04:19:53.360-04:00 DEBUG 10748 --- [Trinity Clinic Manager] [main] o.f.c.i.s.classpath.ClassPathScanner     : Scanning URL: file:/G:/DevSpace/backend/clinique-trinite/services/target/classes/db/migration
2026-06-06T04:19:53.365-04:00 DEBUG 10748 --- [Trinity Clinic Manager] [main] i.s.c.FileSystemClassPathLocationScanner : Scanning starting at classpath root in filesystem: G:\DevSpace\backend\clinique-trinite\services\target\classes\
2026-06-06T04:19:53.365-04:00 DEBUG 10748 --- [Trinity Clinic Manager] [main] i.s.c.FileSystemClassPathLocationScanner : Scanning for resources in path: G:\DevSpace\backend\clinique-trinite\services\target\classes\db\migration (db/migration)
2026-06-06T04:19:53.370-04:00 DEBUG 10748 --- [Trinity Clinic Manager] [main] o.f.c.i.s.classpath.ClassPathScanner     : Found resource: db/migration/V1__init_schema.sql
2026-06-06T04:19:53.373-04:00 DEBUG 10748 --- [Trinity Clinic Manager] [main] o.f.c.i.s.classpath.ClassPathScanner     : Scanning for classpath resources at 'classpath:db/migration' ...
2026-06-06T04:19:53.374-04:00 DEBUG 10748 --- [Trinity Clinic Manager] [main] o.f.c.i.s.classpath.ClassPathScanner     : Determining location urls for classpath:db/migration using ClassLoader TomcatEmbeddedWebappClassLoader
  context: trinity
  delegate: true
----------> Parent Classloader:
jdk.internal.loader.ClassLoaders$AppClassLoader@76ed5528
 ...
2026-06-06T04:19:53.375-04:00 DEBUG 10748 --- [Trinity Clinic Manager] [main] o.f.c.i.s.classpath.ClassPathScanner     : Scanning URL: file:/G:/DevSpace/backend/clinique-trinite/services/target/classes/db/migration
2026-06-06T04:19:53.375-04:00 DEBUG 10748 --- [Trinity Clinic Manager] [main] o.f.c.i.s.classpath.ClassPathScanner     : Found resource: db/migration/V1__init_schema.sql
2026-06-06T04:19:53.376-04:00 DEBUG 10748 --- [Trinity Clinic Manager] [main] o.f.c.i.s.classpath.ClassPathScanner     : Scanning for classes at classpath:db/migration
2026-06-06T04:19:53.385-04:00  INFO 10748 --- [Trinity Clinic Manager] [main] com.zaxxer.hikari.HikariDataSource       : HikariPool-1 - Starting...
2026-06-06T04:19:53.923-04:00  INFO 10748 --- [Trinity Clinic Manager] [main] com.zaxxer.hikari.pool.HikariPool        : HikariPool-1 - Added connection org.postgresql.jdbc.PgConnection@531299d3
2026-06-06T04:19:53.931-04:00  INFO 10748 --- [Trinity Clinic Manager] [main] com.zaxxer.hikari.HikariDataSource       : HikariPool-1 - Start completed.
2026-06-06T04:19:54.014-04:00 DEBUG 10748 --- [Trinity Clinic Manager] [main] o.f.c.i.resource.ResourceNameValidator   : Validating V1__init_schema.sql
2026-06-06T04:19:54.037-04:00 DEBUG 10748 --- [Trinity Clinic Manager] [main] o.f.c.i.database.DatabaseTypeRegister    : Multiple databases found that handle url 'jdbc:postgresql://localhost:5432/trinity_db?currentSchema=clinic': CockroachDB,PostgreSQL
2026-06-06T04:19:54.039-04:00  INFO 10748 --- [Trinity Clinic Manager] [main] org.flywaydb.core.FlywayExecutor         : Database: jdbc:postgresql://localhost:5432/trinity_db?currentSchema=clinic (PostgreSQL 18.4)
2026-06-06T04:19:54.040-04:00 DEBUG 10748 --- [Trinity Clinic Manager] [main] org.flywaydb.core.FlywayExecutor         : Database Type: PostgreSQL
2026-06-06T04:19:54.041-04:00 DEBUG 10748 --- [Trinity Clinic Manager] [main] org.flywaydb.core.FlywayExecutor         : Driver: PostgreSQL JDBC Driver 42.7.10
2026-06-06T04:19:54.042-04:00 DEBUG 10748 --- [Trinity Clinic Manager] [main] org.flywaydb.core.FlywayExecutor         : DDL Transactions Supported: true
2026-06-06T04:19:54.048-04:00 DEBUG 10748 --- [Trinity Clinic Manager] [main] o.f.c.i.s.SchemaHistoryFactory           : Schemas: clinic
2026-06-06T04:19:54.048-04:00 DEBUG 10748 --- [Trinity Clinic Manager] [main] o.f.c.i.s.SchemaHistoryFactory           : Default schema: null
2026-06-06T04:19:54.088-04:00 DEBUG 10748 --- [Trinity Clinic Manager] [main] org.flywaydb.core.FlywayExecutor         : Scanning for script callbacks ...
2026-06-06T04:19:54.098-04:00 DEBUG 10748 --- [Trinity Clinic Manager] [main] o.f.c.i.c.SqlScriptCallbackFactory       : Scanning for SQL callbacks ...
2026-06-06T04:19:54.133-04:00 DEBUG 10748 --- [Trinity Clinic Manager] [main] o.f.core.internal.command.DbValidate     : Validating migrations ...
2026-06-06T04:19:54.145-04:00 DEBUG 10748 --- [Trinity Clinic Manager] [main] o.f.c.a.c.ClassicConfiguration           : CherryPickConfigurationExtension not found
2026-06-06T04:19:54.214-04:00 DEBUG 10748 --- [Trinity Clinic Manager] [main] o.f.core.internal.scanner.Scanner        : Filtering out resource: db/migration/V1__init_schema.sql (filename: V1__init_schema.sql)
2026-06-06T04:19:54.237-04:00 DEBUG 10748 --- [Trinity Clinic Manager] [main] o.f.core.internal.scanner.Scanner        : Filtering out resource: db/migration/V1__init_schema.sql (filename: V1__init_schema.sql)
2026-06-06T04:19:54.241-04:00 DEBUG 10748 --- [Trinity Clinic Manager] [main] o.f.core.internal.scanner.Scanner        : Filtering out resource: db/migration/V1__init_schema.sql (filename: V1__init_schema.sql)
2026-06-06T04:19:54.242-04:00 DEBUG 10748 --- [Trinity Clinic Manager] [main] o.f.core.internal.scanner.Scanner        : Filtering out resource: db/migration/V1__init_schema.sql (filename: V1__init_schema.sql)
2026-06-06T04:19:54.357-04:00  INFO 10748 --- [Trinity Clinic Manager] [main] o.f.core.internal.command.DbValidate     : Successfully validated 2 migrations (execution time 00:00.218s)
2026-06-06T04:19:54.378-04:00 DEBUG 10748 --- [Trinity Clinic Manager] [main] o.f.core.internal.command.DbSchemas      : Skipping creation of existing schema: "clinic"
2026-06-06T04:19:54.411-04:00 DEBUG 10748 --- [Trinity Clinic Manager] [main] o.f.c.a.c.ClassicConfiguration           : CherryPickConfigurationExtension not found
2026-06-06T04:19:54.417-04:00  INFO 10748 --- [Trinity Clinic Manager] [main] o.f.core.internal.command.DbMigrate      : Current version of schema "clinic": 1
2026-06-06T04:19:54.430-04:00  INFO 10748 --- [Trinity Clinic Manager] [main] o.f.core.internal.command.DbMigrate      : Schema "clinic" is up to date. No migration necessary.
2026-06-06T04:19:54.457-04:00 DEBUG 10748 --- [Trinity Clinic Manager] [main] org.flywaydb.core.FlywayExecutor         : Memory usage: 50 of 80M
2026-06-06T04:19:54.965-04:00  INFO 10748 --- [Trinity Clinic Manager] [main] org.hibernate.orm.jpa                    : HHH008540: Processing PersistenceUnitInfo [name: default]
2026-06-06T04:19:55.110-04:00  INFO 10748 --- [Trinity Clinic Manager] [main] org.hibernate.orm.core                   : HHH000001: Hibernate ORM core version 7.2.12.Final
2026-06-06T04:19:57.781-04:00  INFO 10748 --- [Trinity Clinic Manager] [main] o.s.o.j.p.SpringPersistenceUnitInfo      : No LoadTimeWeaver setup: ignoring JPA class transformer
2026-06-06T04:19:57.934-04:00  WARN 10748 --- [Trinity Clinic Manager] [main] org.hibernate.orm.deprecation            : HHH90000025: PostgreSQLDialect does not need to be specified explicitly using 'hibernate.dialect' (remove the property setting and it will be selected by default)
2026-06-06T04:19:57.982-04:00  INFO 10748 --- [Trinity Clinic Manager] [main] org.hibernate.orm.connections.pooling    : HHH10001005: Database info:
	Database JDBC URL [jdbc:postgresql://localhost:5432/trinity_db?currentSchema=clinic]
	Database driver: PostgreSQL JDBC Driver
	Database dialect: PostgreSQLDialect
	Database version: 18.4
	Default catalog/schema: trinity_db/clinic
	Autocommit mode: undefined/unknown
	Isolation level: READ_COMMITTED [default READ_COMMITTED]
	JDBC fetch size: none
	Pool: DataSourceConnectionProvider
	Minimum pool size: undefined/unknown
	Maximum pool size: undefined/unknown
2026-06-06T04:20:01.311-04:00  INFO 10748 --- [Trinity Clinic Manager] [main] org.hibernate.orm.core                   : HHH000489: No JTA platform available (set 'hibernate.transaction.jta.platform' to enable JTA platform integration)
2026-06-06T04:20:01.507-04:00  INFO 10748 --- [Trinity Clinic Manager] [main] j.LocalContainerEntityManagerFactoryBean : Initialized JPA EntityManagerFactory for persistence unit 'default'
2026-06-06T04:20:01.899-04:00  INFO 10748 --- [Trinity Clinic Manager] [main] o.s.d.j.r.query.QueryEnhancerFactories   : Hibernate is in classpath; If applicable, HQL parser will be used.
2026-06-06T04:20:03.409-04:00  WARN 10748 --- [Trinity Clinic Manager] [main] r$InitializeUserDetailsManagerConfigurer : Global AuthenticationManager configured with an AuthenticationProvider bean. UserDetailsService beans will not be used by Spring Security for automatically configuring username/password login. Consider removing the AuthenticationProvider bean. Alternatively, consider using the UserDetailsService in a manually instantiated DaoAuthenticationProvider. If the current configuration is intentional, to turn off this warning, increase the logging level of 'org.springframework.security.config.annotation.authentication.configuration.InitializeUserDetailsBeanManagerConfigurer' to ERROR
2026-06-06T04:20:13.581-04:00  INFO 10748 --- [Trinity Clinic Manager] [main] c.r.stream.impl.StreamEnvironment        : Connecting to localhost with guest user, assuming development environment
2026-06-06T04:20:13.582-04:00  INFO 10748 --- [Trinity Clinic Manager] [main] c.r.stream.impl.StreamEnvironment        : Using address resolver to always connect to localhost
2026-06-06T04:20:14.541-04:00  INFO 10748 --- [Trinity Clinic Manager] [main] o.s.b.a.e.web.EndpointLinksResolver      : Exposing 1 endpoint beneath base path '/actuator'
2026-06-06T04:20:14.858-04:00  INFO 10748 --- [Trinity Clinic Manager] [main] o.s.boot.tomcat.TomcatWebServer          : Tomcat started on port 8080 (http) with context path '/trinity'
2026-06-06T04:20:14.897-04:00  INFO 10748 --- [Trinity Clinic Manager] [main] i.s.s.t.services.TrinityApplication      : Started TrinityApplication in 44.058 seconds (process running for 47.756)
2026-06-06T04:20:14.928-04:00  INFO 10748 --- [Trinity Clinic Manager] [main] i.s.s.t.s.middleware.ApplicationReady    : Application [[31mTrinity Clinic Manager[0m] entièrement initialisée
2026-06-06T04:24:20.677-04:00  INFO 10748 --- [Trinity Clinic Manager] [SpringApplicationShutdownHook] o.s.boot.tomcat.GracefulShutdown         : Commencing graceful shutdown. Waiting for active requests to complete
2026-06-06T04:24:21.387-04:00  INFO 10748 --- [Trinity Clinic Manager] [tomcat-shutdown] o.s.boot.tomcat.GracefulShutdown         : Graceful shutdown complete
2026-06-06T04:24:22.499-04:00  INFO 10748 --- [Trinity Clinic Manager] [SpringApplicationShutdownHook] j.LocalContainerEntityManagerFactoryBean : Closing JPA EntityManagerFactory for persistence unit 'default'
2026-06-06T04:24:22.505-04:00  INFO 10748 --- [Trinity Clinic Manager] [SpringApplicationShutdownHook] com.zaxxer.hikari.HikariDataSource       : HikariPool-1 - Shutdown initiated...
2026-06-06T04:24:22.513-04:00  INFO 10748 --- [Trinity Clinic Manager] [SpringApplicationShutdownHook] com.zaxxer.hikari.HikariDataSource       : HikariPool-1 - Shutdown completed.
2026-06-06T04:24:47.276-04:00  INFO 23592 --- [Trinity Clinic Manager] [main] i.s.s.t.services.TrinityApplication      : Starting TrinityApplication using Java 21.0.10 with PID 23592 (G:\DevSpace\backend\clinique-trinite\services\target\classes started by Gennesis in G:\DevSpace\backend\clinique-trinite)
2026-06-06T04:24:47.290-04:00 DEBUG 23592 --- [Trinity Clinic Manager] [main] i.s.s.t.services.TrinityApplication      : Running with Spring Boot v4.0.6, Spring v7.0.7
2026-06-06T04:24:47.295-04:00  INFO 23592 --- [Trinity Clinic Manager] [main] i.s.s.t.services.TrinityApplication      : The following 1 profile is active: "dev"
2026-06-06T04:24:52.874-04:00  INFO 23592 --- [Trinity Clinic Manager] [main] .s.d.r.c.RepositoryConfigurationDelegate : Multiple Spring Data modules found, entering strict repository configuration mode
2026-06-06T04:24:52.875-04:00  INFO 23592 --- [Trinity Clinic Manager] [main] .s.d.r.c.RepositoryConfigurationDelegate : Bootstrapping Spring Data JPA repositories in DEFAULT mode.
2026-06-06T04:24:53.582-04:00  INFO 23592 --- [Trinity Clinic Manager] [main] .s.d.r.c.RepositoryConfigurationDelegate : Finished Spring Data repository scanning in 668 ms. Found 2 JPA repository interfaces.
2026-06-06T04:24:57.274-04:00  INFO 23592 --- [Trinity Clinic Manager] [main] .s.d.r.c.RepositoryConfigurationDelegate : Multiple Spring Data modules found, entering strict repository configuration mode
2026-06-06T04:24:57.280-04:00  INFO 23592 --- [Trinity Clinic Manager] [main] .s.d.r.c.RepositoryConfigurationDelegate : Bootstrapping Spring Data Redis repositories in DEFAULT mode.
2026-06-06T04:24:57.350-04:00  INFO 23592 --- [Trinity Clinic Manager] [main] .s.d.r.c.RepositoryConfigurationDelegate : Finished Spring Data repository scanning in 34 ms. Found 0 Redis repository interfaces.
2026-06-06T04:25:00.355-04:00  INFO 23592 --- [Trinity Clinic Manager] [main] o.s.boot.tomcat.TomcatWebServer          : Tomcat initialized with port 8080 (http)
2026-06-06T04:25:00.638-04:00  INFO 23592 --- [Trinity Clinic Manager] [main] b.w.c.s.WebApplicationContextInitializer : Root WebApplicationContext: initialization completed in 13040 ms
2026-06-06T04:25:01.795-04:00 DEBUG 23592 --- [Trinity Clinic Manager] [main] o.f.c.i.s.classpath.ClassPathScanner     : Scanning for classpath resources at 'classpath:db/callback' ...
2026-06-06T04:25:01.795-04:00 DEBUG 23592 --- [Trinity Clinic Manager] [main] o.f.c.i.s.classpath.ClassPathScanner     : Determining location urls for classpath:db/callback using ClassLoader TomcatEmbeddedWebappClassLoader
  context: trinity
  delegate: true
----------> Parent Classloader:
jdk.internal.loader.ClassLoaders$AppClassLoader@76ed5528
 ...
2026-06-06T04:25:01.796-04:00 DEBUG 23592 --- [Trinity Clinic Manager] [main] o.f.c.i.s.classpath.ClassPathScanner     : Unable to resolve location classpath:db/callback.
2026-06-06T04:25:01.796-04:00 DEBUG 23592 --- [Trinity Clinic Manager] [main] o.f.c.i.s.classpath.ClassPathScanner     : Scanning for classpath resources at 'classpath:db/migration' ...
2026-06-06T04:25:01.797-04:00 DEBUG 23592 --- [Trinity Clinic Manager] [main] o.f.c.i.s.classpath.ClassPathScanner     : Determining location urls for classpath:db/migration using ClassLoader TomcatEmbeddedWebappClassLoader
  context: trinity
  delegate: true
----------> Parent Classloader:
jdk.internal.loader.ClassLoaders$AppClassLoader@76ed5528
 ...
2026-06-06T04:25:01.799-04:00 DEBUG 23592 --- [Trinity Clinic Manager] [main] o.f.c.i.s.classpath.ClassPathScanner     : Scanning URL: file:/G:/DevSpace/backend/clinique-trinite/services/target/classes/db/migration
2026-06-06T04:25:01.803-04:00 DEBUG 23592 --- [Trinity Clinic Manager] [main] i.s.c.FileSystemClassPathLocationScanner : Scanning starting at classpath root in filesystem: G:\DevSpace\backend\clinique-trinite\services\target\classes\
2026-06-06T04:25:01.805-04:00 DEBUG 23592 --- [Trinity Clinic Manager] [main] i.s.c.FileSystemClassPathLocationScanner : Scanning for resources in path: G:\DevSpace\backend\clinique-trinite\services\target\classes\db\migration (db/migration)
2026-06-06T04:25:01.812-04:00 DEBUG 23592 --- [Trinity Clinic Manager] [main] o.f.c.i.s.classpath.ClassPathScanner     : Found resource: db/migration/V1__init_schema.sql
2026-06-06T04:25:01.813-04:00 DEBUG 23592 --- [Trinity Clinic Manager] [main] o.f.c.i.s.classpath.ClassPathScanner     : Scanning for classpath resources at 'classpath:db/migration' ...
2026-06-06T04:25:01.814-04:00 DEBUG 23592 --- [Trinity Clinic Manager] [main] o.f.c.i.s.classpath.ClassPathScanner     : Determining location urls for classpath:db/migration using ClassLoader TomcatEmbeddedWebappClassLoader
  context: trinity
  delegate: true
----------> Parent Classloader:
jdk.internal.loader.ClassLoaders$AppClassLoader@76ed5528
 ...
2026-06-06T04:25:01.816-04:00 DEBUG 23592 --- [Trinity Clinic Manager] [main] o.f.c.i.s.classpath.ClassPathScanner     : Scanning URL: file:/G:/DevSpace/backend/clinique-trinite/services/target/classes/db/migration
2026-06-06T04:25:01.816-04:00 DEBUG 23592 --- [Trinity Clinic Manager] [main] o.f.c.i.s.classpath.ClassPathScanner     : Found resource: db/migration/V1__init_schema.sql
2026-06-06T04:25:01.817-04:00 DEBUG 23592 --- [Trinity Clinic Manager] [main] o.f.c.i.s.classpath.ClassPathScanner     : Scanning for classes at classpath:db/migration
2026-06-06T04:25:01.823-04:00  INFO 23592 --- [Trinity Clinic Manager] [main] com.zaxxer.hikari.HikariDataSource       : HikariPool-1 - Starting...
2026-06-06T04:25:02.320-04:00  INFO 23592 --- [Trinity Clinic Manager] [main] com.zaxxer.hikari.pool.HikariPool        : HikariPool-1 - Added connection org.postgresql.jdbc.PgConnection@52325940
2026-06-06T04:25:02.338-04:00  INFO 23592 --- [Trinity Clinic Manager] [main] com.zaxxer.hikari.HikariDataSource       : HikariPool-1 - Start completed.
2026-06-06T04:25:02.399-04:00 DEBUG 23592 --- [Trinity Clinic Manager] [main] o.f.c.i.resource.ResourceNameValidator   : Validating V1__init_schema.sql
2026-06-06T04:25:02.421-04:00 DEBUG 23592 --- [Trinity Clinic Manager] [main] o.f.c.i.database.DatabaseTypeRegister    : Multiple databases found that handle url 'jdbc:postgresql://localhost:5432/trinity_db?currentSchema=clinic': CockroachDB,PostgreSQL
2026-06-06T04:25:02.422-04:00  INFO 23592 --- [Trinity Clinic Manager] [main] org.flywaydb.core.FlywayExecutor         : Database: jdbc:postgresql://localhost:5432/trinity_db?currentSchema=clinic (PostgreSQL 18.4)
2026-06-06T04:25:02.424-04:00 DEBUG 23592 --- [Trinity Clinic Manager] [main] org.flywaydb.core.FlywayExecutor         : Database Type: PostgreSQL
2026-06-06T04:25:02.427-04:00 DEBUG 23592 --- [Trinity Clinic Manager] [main] org.flywaydb.core.FlywayExecutor         : Driver: PostgreSQL JDBC Driver 42.7.10
2026-06-06T04:25:02.427-04:00 DEBUG 23592 --- [Trinity Clinic Manager] [main] org.flywaydb.core.FlywayExecutor         : DDL Transactions Supported: true
2026-06-06T04:25:02.431-04:00 DEBUG 23592 --- [Trinity Clinic Manager] [main] o.f.c.i.s.SchemaHistoryFactory           : Schemas: clinic
2026-06-06T04:25:02.433-04:00 DEBUG 23592 --- [Trinity Clinic Manager] [main] o.f.c.i.s.SchemaHistoryFactory           : Default schema: null
2026-06-06T04:25:02.480-04:00 DEBUG 23592 --- [Trinity Clinic Manager] [main] org.flywaydb.core.FlywayExecutor         : Scanning for script callbacks ...
2026-06-06T04:25:02.489-04:00 DEBUG 23592 --- [Trinity Clinic Manager] [main] o.f.c.i.c.SqlScriptCallbackFactory       : Scanning for SQL callbacks ...
2026-06-06T04:25:02.528-04:00 DEBUG 23592 --- [Trinity Clinic Manager] [main] o.f.core.internal.command.DbValidate     : Validating migrations ...
2026-06-06T04:25:02.540-04:00 DEBUG 23592 --- [Trinity Clinic Manager] [main] o.f.c.a.c.ClassicConfiguration           : CherryPickConfigurationExtension not found
2026-06-06T04:25:02.579-04:00 DEBUG 23592 --- [Trinity Clinic Manager] [main] o.f.core.internal.scanner.Scanner        : Filtering out resource: db/migration/V1__init_schema.sql (filename: V1__init_schema.sql)
2026-06-06T04:25:02.584-04:00 DEBUG 23592 --- [Trinity Clinic Manager] [main] o.f.core.internal.scanner.Scanner        : Filtering out resource: db/migration/V1__init_schema.sql (filename: V1__init_schema.sql)
2026-06-06T04:25:02.586-04:00 DEBUG 23592 --- [Trinity Clinic Manager] [main] o.f.core.internal.scanner.Scanner        : Filtering out resource: db/migration/V1__init_schema.sql (filename: V1__init_schema.sql)
2026-06-06T04:25:02.589-04:00 DEBUG 23592 --- [Trinity Clinic Manager] [main] o.f.core.internal.scanner.Scanner        : Filtering out resource: db/migration/V1__init_schema.sql (filename: V1__init_schema.sql)
2026-06-06T04:25:02.649-04:00  INFO 23592 --- [Trinity Clinic Manager] [main] o.f.core.internal.command.DbValidate     : Successfully validated 2 migrations (execution time 00:00.116s)
2026-06-06T04:25:02.657-04:00 DEBUG 23592 --- [Trinity Clinic Manager] [main] o.f.core.internal.command.DbSchemas      : Skipping creation of existing schema: "clinic"
2026-06-06T04:25:02.689-04:00 DEBUG 23592 --- [Trinity Clinic Manager] [main] o.f.c.a.c.ClassicConfiguration           : CherryPickConfigurationExtension not found
2026-06-06T04:25:02.696-04:00  INFO 23592 --- [Trinity Clinic Manager] [main] o.f.core.internal.command.DbMigrate      : Current version of schema "clinic": 1
2026-06-06T04:25:02.705-04:00  INFO 23592 --- [Trinity Clinic Manager] [main] o.f.core.internal.command.DbMigrate      : Schema "clinic" is up to date. No migration necessary.
2026-06-06T04:25:02.736-04:00 DEBUG 23592 --- [Trinity Clinic Manager] [main] org.flywaydb.core.FlywayExecutor         : Memory usage: 43 of 80M
2026-06-06T04:25:03.247-04:00  INFO 23592 --- [Trinity Clinic Manager] [main] org.hibernate.orm.jpa                    : HHH008540: Processing PersistenceUnitInfo [name: default]
2026-06-06T04:25:03.359-04:00  INFO 23592 --- [Trinity Clinic Manager] [main] org.hibernate.orm.core                   : HHH000001: Hibernate ORM core version 7.2.12.Final
2026-06-06T04:25:04.656-04:00  INFO 23592 --- [Trinity Clinic Manager] [main] o.s.o.j.p.SpringPersistenceUnitInfo      : No LoadTimeWeaver setup: ignoring JPA class transformer
2026-06-06T04:25:04.803-04:00  WARN 23592 --- [Trinity Clinic Manager] [main] org.hibernate.orm.deprecation            : HHH90000025: PostgreSQLDialect does not need to be specified explicitly using 'hibernate.dialect' (remove the property setting and it will be selected by default)
2026-06-06T04:25:04.843-04:00  INFO 23592 --- [Trinity Clinic Manager] [main] org.hibernate.orm.connections.pooling    : HHH10001005: Database info:
	Database JDBC URL [jdbc:postgresql://localhost:5432/trinity_db?currentSchema=clinic]
	Database driver: PostgreSQL JDBC Driver
	Database dialect: PostgreSQLDialect
	Database version: 18.4
	Default catalog/schema: trinity_db/clinic
	Autocommit mode: undefined/unknown
	Isolation level: READ_COMMITTED [default READ_COMMITTED]
	JDBC fetch size: none
	Pool: DataSourceConnectionProvider
	Minimum pool size: undefined/unknown
	Maximum pool size: undefined/unknown
2026-06-06T04:25:07.887-04:00  INFO 23592 --- [Trinity Clinic Manager] [main] org.hibernate.orm.core                   : HHH000489: No JTA platform available (set 'hibernate.transaction.jta.platform' to enable JTA platform integration)
2026-06-06T04:25:07.990-04:00  INFO 23592 --- [Trinity Clinic Manager] [main] j.LocalContainerEntityManagerFactoryBean : Initialized JPA EntityManagerFactory for persistence unit 'default'
2026-06-06T04:25:08.192-04:00  INFO 23592 --- [Trinity Clinic Manager] [main] o.s.d.j.r.query.QueryEnhancerFactories   : Hibernate is in classpath; If applicable, HQL parser will be used.
2026-06-06T04:25:09.136-04:00  WARN 23592 --- [Trinity Clinic Manager] [main] r$InitializeUserDetailsManagerConfigurer : Global AuthenticationManager configured with an AuthenticationProvider bean. UserDetailsService beans will not be used by Spring Security for automatically configuring username/password login. Consider removing the AuthenticationProvider bean. Alternatively, consider using the UserDetailsService in a manually instantiated DaoAuthenticationProvider. If the current configuration is intentional, to turn off this warning, increase the logging level of 'org.springframework.security.config.annotation.authentication.configuration.InitializeUserDetailsBeanManagerConfigurer' to ERROR
2026-06-06T04:25:13.678-04:00  INFO 23592 --- [Trinity Clinic Manager] [main] c.r.stream.impl.StreamEnvironment        : Connecting to localhost with guest user, assuming development environment
2026-06-06T04:25:13.679-04:00  INFO 23592 --- [Trinity Clinic Manager] [main] c.r.stream.impl.StreamEnvironment        : Using address resolver to always connect to localhost
2026-06-06T04:25:14.357-04:00  INFO 23592 --- [Trinity Clinic Manager] [main] o.s.b.a.e.web.EndpointLinksResolver      : Exposing 1 endpoint beneath base path '/actuator'
2026-06-06T04:25:14.600-04:00  INFO 23592 --- [Trinity Clinic Manager] [main] o.s.boot.tomcat.TomcatWebServer          : Tomcat started on port 8080 (http) with context path '/trinity'
2026-06-06T04:25:14.625-04:00  INFO 23592 --- [Trinity Clinic Manager] [main] i.s.s.t.services.TrinityApplication      : Started TrinityApplication in 30.11 seconds (process running for 34.771)
2026-06-06T04:25:14.635-04:00  INFO 23592 --- [Trinity Clinic Manager] [SpringApplicationShutdownHook] o.s.boot.tomcat.GracefulShutdown         : Commencing graceful shutdown. Waiting for active requests to complete
2026-06-06T04:25:14.644-04:00  INFO 23592 --- [Trinity Clinic Manager] [main] i.s.s.t.s.middleware.ApplicationReady    : Application [[31mTrinity Clinic Manager[0m] entièrement initialisée
2026-06-06T04:25:14.652-04:00  INFO 23592 --- [Trinity Clinic Manager] [tomcat-shutdown] o.s.boot.tomcat.GracefulShutdown         : Graceful shutdown complete
2026-06-06T04:25:15.821-04:00  INFO 23592 --- [Trinity Clinic Manager] [SpringApplicationShutdownHook] j.LocalContainerEntityManagerFactoryBean : Closing JPA EntityManagerFactory for persistence unit 'default'
2026-06-06T04:25:15.829-04:00  INFO 23592 --- [Trinity Clinic Manager] [SpringApplicationShutdownHook] com.zaxxer.hikari.HikariDataSource       : HikariPool-1 - Shutdown initiated...
2026-06-06T04:25:15.842-04:00  INFO 23592 --- [Trinity Clinic Manager] [SpringApplicationShutdownHook] com.zaxxer.hikari.HikariDataSource       : HikariPool-1 - Shutdown completed.
2026-06-06T04:25:32.192-04:00  INFO 29704 --- [Trinity Clinic Manager] [main] i.s.s.t.services.TrinityApplication      : Starting TrinityApplication using Java 21.0.10 with PID 29704 (G:\DevSpace\backend\clinique-trinite\services\target\classes started by Gennesis in G:\DevSpace\backend\clinique-trinite)
2026-06-06T04:25:32.205-04:00 DEBUG 29704 --- [Trinity Clinic Manager] [main] i.s.s.t.services.TrinityApplication      : Running with Spring Boot v4.0.6, Spring v7.0.7
2026-06-06T04:25:32.208-04:00  INFO 29704 --- [Trinity Clinic Manager] [main] i.s.s.t.services.TrinityApplication      : The following 1 profile is active: "dev"
2026-06-06T04:25:36.101-04:00  INFO 29704 --- [Trinity Clinic Manager] [main] .s.d.r.c.RepositoryConfigurationDelegate : Multiple Spring Data modules found, entering strict repository configuration mode
2026-06-06T04:25:36.102-04:00  INFO 29704 --- [Trinity Clinic Manager] [main] .s.d.r.c.RepositoryConfigurationDelegate : Bootstrapping Spring Data JPA repositories in DEFAULT mode.
2026-06-06T04:25:36.712-04:00  INFO 29704 --- [Trinity Clinic Manager] [main] .s.d.r.c.RepositoryConfigurationDelegate : Finished Spring Data repository scanning in 572 ms. Found 2 JPA repository interfaces.
2026-06-06T04:25:38.480-04:00  INFO 29704 --- [Trinity Clinic Manager] [main] .s.d.r.c.RepositoryConfigurationDelegate : Multiple Spring Data modules found, entering strict repository configuration mode
2026-06-06T04:25:38.484-04:00  INFO 29704 --- [Trinity Clinic Manager] [main] .s.d.r.c.RepositoryConfigurationDelegate : Bootstrapping Spring Data Redis repositories in DEFAULT mode.
2026-06-06T04:25:38.542-04:00  INFO 29704 --- [Trinity Clinic Manager] [main] .s.d.r.c.RepositoryConfigurationDelegate : Finished Spring Data repository scanning in 26 ms. Found 0 Redis repository interfaces.
2026-06-06T04:25:41.226-04:00  INFO 29704 --- [Trinity Clinic Manager] [main] o.s.boot.tomcat.TomcatWebServer          : Tomcat initialized with port 8080 (http)
2026-06-06T04:25:41.261-04:00  INFO 29704 --- [Trinity Clinic Manager] [main] o.apache.catalina.core.StandardService   : Starting service [Tomcat]
2026-06-06T04:25:41.262-04:00  INFO 29704 --- [Trinity Clinic Manager] [main] o.apache.catalina.core.StandardEngine    : Starting Servlet engine: [Apache Tomcat/11.0.21]
2026-06-06T04:25:41.443-04:00  INFO 29704 --- [Trinity Clinic Manager] [main] b.w.c.s.WebApplicationContextInitializer : Root WebApplicationContext: initialization completed in 8989 ms
2026-06-06T04:25:42.791-04:00 DEBUG 29704 --- [Trinity Clinic Manager] [main] o.f.c.i.s.classpath.ClassPathScanner     : Scanning for classpath resources at 'classpath:db/callback' ...
2026-06-06T04:25:42.792-04:00 DEBUG 29704 --- [Trinity Clinic Manager] [main] o.f.c.i.s.classpath.ClassPathScanner     : Determining location urls for classpath:db/callback using ClassLoader TomcatEmbeddedWebappClassLoader
  context: trinity
  delegate: true
----------> Parent Classloader:
jdk.internal.loader.ClassLoaders$AppClassLoader@76ed5528
 ...
2026-06-06T04:25:42.793-04:00 DEBUG 29704 --- [Trinity Clinic Manager] [main] o.f.c.i.s.classpath.ClassPathScanner     : Unable to resolve location classpath:db/callback.
2026-06-06T04:25:42.793-04:00 DEBUG 29704 --- [Trinity Clinic Manager] [main] o.f.c.i.s.classpath.ClassPathScanner     : Scanning for classpath resources at 'classpath:db/migration' ...
2026-06-06T04:25:42.794-04:00 DEBUG 29704 --- [Trinity Clinic Manager] [main] o.f.c.i.s.classpath.ClassPathScanner     : Determining location urls for classpath:db/migration using ClassLoader TomcatEmbeddedWebappClassLoader
  context: trinity
  delegate: true
----------> Parent Classloader:
jdk.internal.loader.ClassLoaders$AppClassLoader@76ed5528
 ...
2026-06-06T04:25:42.796-04:00 DEBUG 29704 --- [Trinity Clinic Manager] [main] o.f.c.i.s.classpath.ClassPathScanner     : Scanning URL: file:/G:/DevSpace/backend/clinique-trinite/services/target/classes/db/migration
2026-06-06T04:25:42.801-04:00 DEBUG 29704 --- [Trinity Clinic Manager] [main] i.s.c.FileSystemClassPathLocationScanner : Scanning starting at classpath root in filesystem: G:\DevSpace\backend\clinique-trinite\services\target\classes\
2026-06-06T04:25:42.802-04:00 DEBUG 29704 --- [Trinity Clinic Manager] [main] i.s.c.FileSystemClassPathLocationScanner : Scanning for resources in path: G:\DevSpace\backend\clinique-trinite\services\target\classes\db\migration (db/migration)
2026-06-06T04:25:42.809-04:00 DEBUG 29704 --- [Trinity Clinic Manager] [main] o.f.c.i.s.classpath.ClassPathScanner     : Found resource: db/migration/V1__init_schema.sql
2026-06-06T04:25:42.812-04:00 DEBUG 29704 --- [Trinity Clinic Manager] [main] o.f.c.i.s.classpath.ClassPathScanner     : Scanning for classpath resources at 'classpath:db/migration' ...
2026-06-06T04:25:42.813-04:00 DEBUG 29704 --- [Trinity Clinic Manager] [main] o.f.c.i.s.classpath.ClassPathScanner     : Determining location urls for classpath:db/migration using ClassLoader TomcatEmbeddedWebappClassLoader
  context: trinity
  delegate: true
----------> Parent Classloader:
jdk.internal.loader.ClassLoaders$AppClassLoader@76ed5528
 ...
2026-06-06T04:25:42.815-04:00 DEBUG 29704 --- [Trinity Clinic Manager] [main] o.f.c.i.s.classpath.ClassPathScanner     : Scanning URL: file:/G:/DevSpace/backend/clinique-trinite/services/target/classes/db/migration
2026-06-06T04:25:42.817-04:00 DEBUG 29704 --- [Trinity Clinic Manager] [main] o.f.c.i.s.classpath.ClassPathScanner     : Found resource: db/migration/V1__init_schema.sql
2026-06-06T04:25:42.819-04:00 DEBUG 29704 --- [Trinity Clinic Manager] [main] o.f.c.i.s.classpath.ClassPathScanner     : Scanning for classes at classpath:db/migration
2026-06-06T04:25:42.832-04:00  INFO 29704 --- [Trinity Clinic Manager] [main] com.zaxxer.hikari.HikariDataSource       : HikariPool-1 - Starting...
2026-06-06T04:25:43.494-04:00  INFO 29704 --- [Trinity Clinic Manager] [main] com.zaxxer.hikari.pool.HikariPool        : HikariPool-1 - Added connection org.postgresql.jdbc.PgConnection@1adfb5b8
2026-06-06T04:25:43.500-04:00  INFO 29704 --- [Trinity Clinic Manager] [main] com.zaxxer.hikari.HikariDataSource       : HikariPool-1 - Start completed.
2026-06-06T04:25:43.559-04:00 DEBUG 29704 --- [Trinity Clinic Manager] [main] o.f.c.i.resource.ResourceNameValidator   : Validating V1__init_schema.sql
2026-06-06T04:25:43.577-04:00 DEBUG 29704 --- [Trinity Clinic Manager] [main] o.f.c.i.database.DatabaseTypeRegister    : Multiple databases found that handle url 'jdbc:postgresql://localhost:5432/trinity_db?currentSchema=clinic': CockroachDB,PostgreSQL
2026-06-06T04:25:43.579-04:00  INFO 29704 --- [Trinity Clinic Manager] [main] org.flywaydb.core.FlywayExecutor         : Database: jdbc:postgresql://localhost:5432/trinity_db?currentSchema=clinic (PostgreSQL 18.4)
2026-06-06T04:25:43.580-04:00 DEBUG 29704 --- [Trinity Clinic Manager] [main] org.flywaydb.core.FlywayExecutor         : Database Type: PostgreSQL
2026-06-06T04:25:43.581-04:00 DEBUG 29704 --- [Trinity Clinic Manager] [main] org.flywaydb.core.FlywayExecutor         : Driver: PostgreSQL JDBC Driver 42.7.10
2026-06-06T04:25:43.581-04:00 DEBUG 29704 --- [Trinity Clinic Manager] [main] org.flywaydb.core.FlywayExecutor         : DDL Transactions Supported: true
2026-06-06T04:25:43.586-04:00 DEBUG 29704 --- [Trinity Clinic Manager] [main] o.f.c.i.s.SchemaHistoryFactory           : Schemas: clinic
2026-06-06T04:25:43.588-04:00 DEBUG 29704 --- [Trinity Clinic Manager] [main] o.f.c.i.s.SchemaHistoryFactory           : Default schema: null
2026-06-06T04:25:43.615-04:00 DEBUG 29704 --- [Trinity Clinic Manager] [main] org.flywaydb.core.FlywayExecutor         : Scanning for script callbacks ...
2026-06-06T04:25:43.628-04:00 DEBUG 29704 --- [Trinity Clinic Manager] [main] o.f.c.i.c.SqlScriptCallbackFactory       : Scanning for SQL callbacks ...
2026-06-06T04:25:43.676-04:00 DEBUG 29704 --- [Trinity Clinic Manager] [main] o.f.core.internal.command.DbValidate     : Validating migrations ...
2026-06-06T04:25:43.685-04:00 DEBUG 29704 --- [Trinity Clinic Manager] [main] o.f.c.a.c.ClassicConfiguration           : CherryPickConfigurationExtension not found
2026-06-06T04:25:43.721-04:00 DEBUG 29704 --- [Trinity Clinic Manager] [main] o.f.core.internal.scanner.Scanner        : Filtering out resource: db/migration/V1__init_schema.sql (filename: V1__init_schema.sql)
2026-06-06T04:25:43.725-04:00 DEBUG 29704 --- [Trinity Clinic Manager] [main] o.f.core.internal.scanner.Scanner        : Filtering out resource: db/migration/V1__init_schema.sql (filename: V1__init_schema.sql)
2026-06-06T04:25:43.728-04:00 DEBUG 29704 --- [Trinity Clinic Manager] [main] o.f.core.internal.scanner.Scanner        : Filtering out resource: db/migration/V1__init_schema.sql (filename: V1__init_schema.sql)
2026-06-06T04:25:43.729-04:00 DEBUG 29704 --- [Trinity Clinic Manager] [main] o.f.core.internal.scanner.Scanner        : Filtering out resource: db/migration/V1__init_schema.sql (filename: V1__init_schema.sql)
2026-06-06T04:25:43.808-04:00  INFO 29704 --- [Trinity Clinic Manager] [main] o.f.core.internal.command.DbValidate     : Successfully validated 2 migrations (execution time 00:00.128s)
2026-06-06T04:25:43.818-04:00 DEBUG 29704 --- [Trinity Clinic Manager] [main] o.f.core.internal.command.DbSchemas      : Skipping creation of existing schema: "clinic"
2026-06-06T04:25:43.851-04:00 DEBUG 29704 --- [Trinity Clinic Manager] [main] o.f.c.a.c.ClassicConfiguration           : CherryPickConfigurationExtension not found
2026-06-06T04:25:43.857-04:00  INFO 29704 --- [Trinity Clinic Manager] [main] o.f.core.internal.command.DbMigrate      : Current version of schema "clinic": 1
2026-06-06T04:25:43.869-04:00  INFO 29704 --- [Trinity Clinic Manager] [main] o.f.core.internal.command.DbMigrate      : Schema "clinic" is up to date. No migration necessary.
2026-06-06T04:25:43.895-04:00 DEBUG 29704 --- [Trinity Clinic Manager] [main] org.flywaydb.core.FlywayExecutor         : Memory usage: 96 of 120M
2026-06-06T04:25:44.353-04:00  INFO 29704 --- [Trinity Clinic Manager] [main] org.hibernate.orm.jpa                    : HHH008540: Processing PersistenceUnitInfo [name: default]
2026-06-06T04:25:44.505-04:00  INFO 29704 --- [Trinity Clinic Manager] [main] org.hibernate.orm.core                   : HHH000001: Hibernate ORM core version 7.2.12.Final
2026-06-06T04:25:46.066-04:00  INFO 29704 --- [Trinity Clinic Manager] [main] o.s.o.j.p.SpringPersistenceUnitInfo      : No LoadTimeWeaver setup: ignoring JPA class transformer
2026-06-06T04:25:46.233-04:00  WARN 29704 --- [Trinity Clinic Manager] [main] org.hibernate.orm.deprecation            : HHH90000025: PostgreSQLDialect does not need to be specified explicitly using 'hibernate.dialect' (remove the property setting and it will be selected by default)
2026-06-06T04:25:46.285-04:00  INFO 29704 --- [Trinity Clinic Manager] [main] org.hibernate.orm.connections.pooling    : HHH10001005: Database info:
	Database JDBC URL [jdbc:postgresql://localhost:5432/trinity_db?currentSchema=clinic]
	Database driver: PostgreSQL JDBC Driver
	Database dialect: PostgreSQLDialect
	Database version: 18.4
	Default catalog/schema: trinity_db/clinic
	Autocommit mode: undefined/unknown
	Isolation level: READ_COMMITTED [default READ_COMMITTED]
	JDBC fetch size: none
	Pool: DataSourceConnectionProvider
	Minimum pool size: undefined/unknown
	Maximum pool size: undefined/unknown
2026-06-06T04:25:49.155-04:00  INFO 29704 --- [Trinity Clinic Manager] [main] org.hibernate.orm.core                   : HHH000489: No JTA platform available (set 'hibernate.transaction.jta.platform' to enable JTA platform integration)
2026-06-06T04:25:49.289-04:00  INFO 29704 --- [Trinity Clinic Manager] [main] j.LocalContainerEntityManagerFactoryBean : Initialized JPA EntityManagerFactory for persistence unit 'default'
2026-06-06T04:25:49.499-04:00  INFO 29704 --- [Trinity Clinic Manager] [main] o.s.d.j.r.query.QueryEnhancerFactories   : Hibernate is in classpath; If applicable, HQL parser will be used.
2026-06-06T04:25:50.747-04:00  WARN 29704 --- [Trinity Clinic Manager] [main] r$InitializeUserDetailsManagerConfigurer : Global AuthenticationManager configured with an AuthenticationProvider bean. UserDetailsService beans will not be used by Spring Security for automatically configuring username/password login. Consider removing the AuthenticationProvider bean. Alternatively, consider using the UserDetailsService in a manually instantiated DaoAuthenticationProvider. If the current configuration is intentional, to turn off this warning, increase the logging level of 'org.springframework.security.config.annotation.authentication.configuration.InitializeUserDetailsBeanManagerConfigurer' to ERROR
2026-06-06T04:25:56.378-04:00  INFO 29704 --- [Trinity Clinic Manager] [main] c.r.stream.impl.StreamEnvironment        : Connecting to localhost with guest user, assuming development environment
2026-06-06T04:25:56.378-04:00  INFO 29704 --- [Trinity Clinic Manager] [main] c.r.stream.impl.StreamEnvironment        : Using address resolver to always connect to localhost
2026-06-06T04:25:57.201-04:00  INFO 29704 --- [Trinity Clinic Manager] [main] o.s.b.a.e.web.EndpointLinksResolver      : Exposing 1 endpoint beneath base path '/actuator'
2026-06-06T04:25:57.509-04:00  INFO 29704 --- [Trinity Clinic Manager] [main] o.s.boot.tomcat.TomcatWebServer          : Tomcat started on port 8080 (http) with context path '/trinity'
2026-06-06T04:25:57.541-04:00  INFO 29704 --- [Trinity Clinic Manager] [main] i.s.s.t.services.TrinityApplication      : Started TrinityApplication in 27.572 seconds (process running for 31.874)
2026-06-06T04:25:57.567-04:00  INFO 29704 --- [Trinity Clinic Manager] [main] i.s.s.t.s.middleware.ApplicationReady    : Application [[31mTrinity Clinic Manager[0m] entièrement initialisée
2026-06-06T04:26:25.613-04:00  INFO 29704 --- [Trinity Clinic Manager] [http-nio-8080-exec-2] o.a.c.c.C.[.[localhost].[/trinity]       : Initializing Spring DispatcherServlet 'dispatcherServlet'
2026-06-06T04:26:25.613-04:00  INFO 29704 --- [Trinity Clinic Manager] [http-nio-8080-exec-2] o.s.web.servlet.DispatcherServlet        : Initializing Servlet 'dispatcherServlet'
2026-06-06T04:26:25.617-04:00  INFO 29704 --- [Trinity Clinic Manager] [http-nio-8080-exec-2] o.s.web.servlet.DispatcherServlet        : Completed initialization in 4 ms
2026-06-06T04:26:25.902-04:00  INFO 29704 --- [Trinity Clinic Manager] [http-nio-8080-exec-1] o.apache.tomcat.util.http.parser.Cookie  : A cookie header was received [g_state={"i_l":0,"i_ll":1780527310595,"i_b":"RrnF9rn4h5bAm0uPO0FhumpPXVQEEacpBt0St9R0O9w","i_e":{"enable_itp_optimization":0},"i_et":1778615391785};] that contained an invalid cookie. That cookie will be ignored.
 Note: further occurrences of this error will be logged at DEBUG level.
2026-06-06T04:30:50.268-04:00  INFO 29704 --- [Trinity Clinic Manager] [SpringApplicationShutdownHook] o.s.boot.tomcat.GracefulShutdown         : Commencing graceful shutdown. Waiting for active requests to complete
2026-06-06T04:30:50.289-04:00  INFO 29704 --- [Trinity Clinic Manager] [tomcat-shutdown] o.s.boot.tomcat.GracefulShutdown         : Graceful shutdown complete
2026-06-06T04:30:51.412-04:00  INFO 29704 --- [Trinity Clinic Manager] [SpringApplicationShutdownHook] j.LocalContainerEntityManagerFactoryBean : Closing JPA EntityManagerFactory for persistence unit 'default'
2026-06-06T04:30:51.417-04:00  INFO 29704 --- [Trinity Clinic Manager] [SpringApplicationShutdownHook] com.zaxxer.hikari.HikariDataSource       : HikariPool-1 - Shutdown initiated...
2026-06-06T04:30:51.431-04:00  INFO 29704 --- [Trinity Clinic Manager] [SpringApplicationShutdownHook] com.zaxxer.hikari.HikariDataSource       : HikariPool-1 - Shutdown completed.
2026-06-06T04:31:34.471-04:00  INFO 11680 --- [Trinity Clinic Manager] [main] i.s.s.t.services.TrinityApplication      : Starting TrinityApplication using Java 21.0.10 with PID 11680 (G:\DevSpace\backend\clinique-trinite\services\target\classes started by Gennesis in G:\DevSpace\backend\clinique-trinite)
2026-06-06T04:31:34.484-04:00 DEBUG 11680 --- [Trinity Clinic Manager] [main] i.s.s.t.services.TrinityApplication      : Running with Spring Boot v4.0.6, Spring v7.0.7
2026-06-06T04:31:34.487-04:00  INFO 11680 --- [Trinity Clinic Manager] [main] i.s.s.t.services.TrinityApplication      : The following 1 profile is active: "dev"
2026-06-06T04:31:38.083-04:00  INFO 11680 --- [Trinity Clinic Manager] [main] .s.d.r.c.RepositoryConfigurationDelegate : Multiple Spring Data modules found, entering strict repository configuration mode
2026-06-06T04:31:38.085-04:00  INFO 11680 --- [Trinity Clinic Manager] [main] .s.d.r.c.RepositoryConfigurationDelegate : Bootstrapping Spring Data JPA repositories in DEFAULT mode.
2026-06-06T04:31:38.687-04:00  INFO 11680 --- [Trinity Clinic Manager] [main] .s.d.r.c.RepositoryConfigurationDelegate : Finished Spring Data repository scanning in 545 ms. Found 2 JPA repository interfaces.
2026-06-06T04:31:40.613-04:00  INFO 11680 --- [Trinity Clinic Manager] [main] .s.d.r.c.RepositoryConfigurationDelegate : Multiple Spring Data modules found, entering strict repository configuration mode
2026-06-06T04:31:40.617-04:00  INFO 11680 --- [Trinity Clinic Manager] [main] .s.d.r.c.RepositoryConfigurationDelegate : Bootstrapping Spring Data Redis repositories in DEFAULT mode.
2026-06-06T04:31:40.681-04:00  INFO 11680 --- [Trinity Clinic Manager] [main] .s.d.r.c.RepositoryConfigurationDelegate : Finished Spring Data repository scanning in 31 ms. Found 0 Redis repository interfaces.
2026-06-06T04:31:44.063-04:00  INFO 11680 --- [Trinity Clinic Manager] [main] o.s.boot.tomcat.TomcatWebServer          : Tomcat initialized with port 8080 (http)
2026-06-06T04:31:44.117-04:00  INFO 11680 --- [Trinity Clinic Manager] [main] o.apache.catalina.core.StandardService   : Starting service [Tomcat]
2026-06-06T04:31:44.119-04:00  INFO 11680 --- [Trinity Clinic Manager] [main] o.apache.catalina.core.StandardEngine    : Starting Servlet engine: [Apache Tomcat/11.0.21]
2026-06-06T04:31:44.419-04:00  INFO 11680 --- [Trinity Clinic Manager] [main] b.w.c.s.WebApplicationContextInitializer : Root WebApplicationContext: initialization completed in 9720 ms
2026-06-06T04:31:45.873-04:00 DEBUG 11680 --- [Trinity Clinic Manager] [main] o.f.c.i.s.classpath.ClassPathScanner     : Scanning for classpath resources at 'classpath:db/callback' ...
2026-06-06T04:31:45.873-04:00 DEBUG 11680 --- [Trinity Clinic Manager] [main] o.f.c.i.s.classpath.ClassPathScanner     : Determining location urls for classpath:db/callback using ClassLoader TomcatEmbeddedWebappClassLoader
  context: trinity
  delegate: true
----------> Parent Classloader:
jdk.internal.loader.ClassLoaders$AppClassLoader@76ed5528
 ...
2026-06-06T04:31:45.873-04:00 DEBUG 11680 --- [Trinity Clinic Manager] [main] o.f.c.i.s.classpath.ClassPathScanner     : Unable to resolve location classpath:db/callback.
2026-06-06T04:31:45.873-04:00 DEBUG 11680 --- [Trinity Clinic Manager] [main] o.f.c.i.s.classpath.ClassPathScanner     : Scanning for classpath resources at 'classpath:db/migration' ...
2026-06-06T04:31:45.875-04:00 DEBUG 11680 --- [Trinity Clinic Manager] [main] o.f.c.i.s.classpath.ClassPathScanner     : Determining location urls for classpath:db/migration using ClassLoader TomcatEmbeddedWebappClassLoader
  context: trinity
  delegate: true
----------> Parent Classloader:
jdk.internal.loader.ClassLoaders$AppClassLoader@76ed5528
 ...
2026-06-06T04:31:45.877-04:00 DEBUG 11680 --- [Trinity Clinic Manager] [main] o.f.c.i.s.classpath.ClassPathScanner     : Scanning URL: file:/G:/DevSpace/backend/clinique-trinite/services/target/classes/db/migration
2026-06-06T04:31:45.884-04:00 DEBUG 11680 --- [Trinity Clinic Manager] [main] i.s.c.FileSystemClassPathLocationScanner : Scanning starting at classpath root in filesystem: G:\DevSpace\backend\clinique-trinite\services\target\classes\
2026-06-06T04:31:45.884-04:00 DEBUG 11680 --- [Trinity Clinic Manager] [main] i.s.c.FileSystemClassPathLocationScanner : Scanning for resources in path: G:\DevSpace\backend\clinique-trinite\services\target\classes\db\migration (db/migration)
2026-06-06T04:31:45.890-04:00 DEBUG 11680 --- [Trinity Clinic Manager] [main] o.f.c.i.s.classpath.ClassPathScanner     : Found resource: db/migration/V1__init_schema.sql
2026-06-06T04:31:45.893-04:00 DEBUG 11680 --- [Trinity Clinic Manager] [main] o.f.c.i.s.classpath.ClassPathScanner     : Scanning for classpath resources at 'classpath:db/migration' ...
2026-06-06T04:31:45.895-04:00 DEBUG 11680 --- [Trinity Clinic Manager] [main] o.f.c.i.s.classpath.ClassPathScanner     : Determining location urls for classpath:db/migration using ClassLoader TomcatEmbeddedWebappClassLoader
  context: trinity
  delegate: true
----------> Parent Classloader:
jdk.internal.loader.ClassLoaders$AppClassLoader@76ed5528
 ...
2026-06-06T04:31:45.896-04:00 DEBUG 11680 --- [Trinity Clinic Manager] [main] o.f.c.i.s.classpath.ClassPathScanner     : Scanning URL: file:/G:/DevSpace/backend/clinique-trinite/services/target/classes/db/migration
2026-06-06T04:31:45.898-04:00 DEBUG 11680 --- [Trinity Clinic Manager] [main] o.f.c.i.s.classpath.ClassPathScanner     : Found resource: db/migration/V1__init_schema.sql
2026-06-06T04:31:45.898-04:00 DEBUG 11680 --- [Trinity Clinic Manager] [main] o.f.c.i.s.classpath.ClassPathScanner     : Scanning for classes at classpath:db/migration
2026-06-06T04:31:45.909-04:00  INFO 11680 --- [Trinity Clinic Manager] [main] com.zaxxer.hikari.HikariDataSource       : HikariPool-1 - Starting...
2026-06-06T04:31:46.553-04:00  INFO 11680 --- [Trinity Clinic Manager] [main] com.zaxxer.hikari.pool.HikariPool        : HikariPool-1 - Added connection org.postgresql.jdbc.PgConnection@70d7a49b
2026-06-06T04:31:46.561-04:00  INFO 11680 --- [Trinity Clinic Manager] [main] com.zaxxer.hikari.HikariDataSource       : HikariPool-1 - Start completed.
2026-06-06T04:31:46.645-04:00 DEBUG 11680 --- [Trinity Clinic Manager] [main] o.f.c.i.resource.ResourceNameValidator   : Validating V1__init_schema.sql
2026-06-06T04:31:46.670-04:00 DEBUG 11680 --- [Trinity Clinic Manager] [main] o.f.c.i.database.DatabaseTypeRegister    : Multiple databases found that handle url 'jdbc:postgresql://localhost:5432/trinity_db?currentSchema=clinic': CockroachDB,PostgreSQL
2026-06-06T04:31:46.672-04:00  INFO 11680 --- [Trinity Clinic Manager] [main] org.flywaydb.core.FlywayExecutor         : Database: jdbc:postgresql://localhost:5432/trinity_db?currentSchema=clinic (PostgreSQL 18.4)
2026-06-06T04:31:46.672-04:00 DEBUG 11680 --- [Trinity Clinic Manager] [main] org.flywaydb.core.FlywayExecutor         : Database Type: PostgreSQL
2026-06-06T04:31:46.674-04:00 DEBUG 11680 --- [Trinity Clinic Manager] [main] org.flywaydb.core.FlywayExecutor         : Driver: PostgreSQL JDBC Driver 42.7.10
2026-06-06T04:31:46.674-04:00 DEBUG 11680 --- [Trinity Clinic Manager] [main] org.flywaydb.core.FlywayExecutor         : DDL Transactions Supported: true
2026-06-06T04:31:46.680-04:00 DEBUG 11680 --- [Trinity Clinic Manager] [main] o.f.c.i.s.SchemaHistoryFactory           : Schemas: clinic
2026-06-06T04:31:46.682-04:00 DEBUG 11680 --- [Trinity Clinic Manager] [main] o.f.c.i.s.SchemaHistoryFactory           : Default schema: null
2026-06-06T04:31:46.720-04:00 DEBUG 11680 --- [Trinity Clinic Manager] [main] org.flywaydb.core.FlywayExecutor         : Scanning for script callbacks ...
2026-06-06T04:31:46.734-04:00 DEBUG 11680 --- [Trinity Clinic Manager] [main] o.f.c.i.c.SqlScriptCallbackFactory       : Scanning for SQL callbacks ...
2026-06-06T04:31:46.770-04:00 DEBUG 11680 --- [Trinity Clinic Manager] [main] o.f.core.internal.command.DbValidate     : Validating migrations ...
2026-06-06T04:31:46.783-04:00 DEBUG 11680 --- [Trinity Clinic Manager] [main] o.f.c.a.c.ClassicConfiguration           : CherryPickConfigurationExtension not found
2026-06-06T04:31:46.848-04:00 DEBUG 11680 --- [Trinity Clinic Manager] [main] o.f.core.internal.scanner.Scanner        : Filtering out resource: db/migration/V1__init_schema.sql (filename: V1__init_schema.sql)
2026-06-06T04:31:46.865-04:00 DEBUG 11680 --- [Trinity Clinic Manager] [main] o.f.core.internal.scanner.Scanner        : Filtering out resource: db/migration/V1__init_schema.sql (filename: V1__init_schema.sql)
2026-06-06T04:31:46.876-04:00 DEBUG 11680 --- [Trinity Clinic Manager] [main] o.f.core.internal.scanner.Scanner        : Filtering out resource: db/migration/V1__init_schema.sql (filename: V1__init_schema.sql)
2026-06-06T04:31:46.876-04:00 DEBUG 11680 --- [Trinity Clinic Manager] [main] o.f.core.internal.scanner.Scanner        : Filtering out resource: db/migration/V1__init_schema.sql (filename: V1__init_schema.sql)
2026-06-06T04:31:47.117-04:00  INFO 11680 --- [Trinity Clinic Manager] [main] o.f.core.internal.command.DbValidate     : Successfully validated 2 migrations (execution time 00:00.341s)
2026-06-06T04:31:47.139-04:00 DEBUG 11680 --- [Trinity Clinic Manager] [main] o.f.core.internal.command.DbSchemas      : Skipping creation of existing schema: "clinic"
2026-06-06T04:31:47.191-04:00 DEBUG 11680 --- [Trinity Clinic Manager] [main] o.f.c.a.c.ClassicConfiguration           : CherryPickConfigurationExtension not found
2026-06-06T04:31:47.235-04:00  INFO 11680 --- [Trinity Clinic Manager] [main] o.f.core.internal.command.DbMigrate      : Current version of schema "clinic": 1
2026-06-06T04:31:47.249-04:00  INFO 11680 --- [Trinity Clinic Manager] [main] o.f.core.internal.command.DbMigrate      : Schema "clinic" is up to date. No migration necessary.
2026-06-06T04:31:47.278-04:00 DEBUG 11680 --- [Trinity Clinic Manager] [main] org.flywaydb.core.FlywayExecutor         : Memory usage: 63 of 80M
2026-06-06T04:31:47.695-04:00  INFO 11680 --- [Trinity Clinic Manager] [main] org.hibernate.orm.jpa                    : HHH008540: Processing PersistenceUnitInfo [name: default]
2026-06-06T04:31:47.895-04:00  INFO 11680 --- [Trinity Clinic Manager] [main] org.hibernate.orm.core                   : HHH000001: Hibernate ORM core version 7.2.12.Final
2026-06-06T04:31:50.141-04:00  INFO 11680 --- [Trinity Clinic Manager] [main] o.s.o.j.p.SpringPersistenceUnitInfo      : No LoadTimeWeaver setup: ignoring JPA class transformer
2026-06-06T04:31:50.347-04:00  WARN 11680 --- [Trinity Clinic Manager] [main] org.hibernate.orm.deprecation            : HHH90000025: PostgreSQLDialect does not need to be specified explicitly using 'hibernate.dialect' (remove the property setting and it will be selected by default)
2026-06-06T04:31:50.421-04:00  INFO 11680 --- [Trinity Clinic Manager] [main] org.hibernate.orm.connections.pooling    : HHH10001005: Database info:
	Database JDBC URL [jdbc:postgresql://localhost:5432/trinity_db?currentSchema=clinic]
	Database driver: PostgreSQL JDBC Driver
	Database dialect: PostgreSQLDialect
	Database version: 18.4
	Default catalog/schema: trinity_db/clinic
	Autocommit mode: undefined/unknown
	Isolation level: READ_COMMITTED [default READ_COMMITTED]
	JDBC fetch size: none
	Pool: DataSourceConnectionProvider
	Minimum pool size: undefined/unknown
	Maximum pool size: undefined/unknown
2026-06-06T04:31:54.230-04:00  INFO 11680 --- [Trinity Clinic Manager] [main] org.hibernate.orm.core                   : HHH000489: No JTA platform available (set 'hibernate.transaction.jta.platform' to enable JTA platform integration)
2026-06-06T04:31:54.370-04:00  INFO 11680 --- [Trinity Clinic Manager] [main] j.LocalContainerEntityManagerFactoryBean : Initialized JPA EntityManagerFactory for persistence unit 'default'
2026-06-06T04:31:54.623-04:00  INFO 11680 --- [Trinity Clinic Manager] [main] o.s.d.j.r.query.QueryEnhancerFactories   : Hibernate is in classpath; If applicable, HQL parser will be used.
2026-06-06T04:31:56.291-04:00  WARN 11680 --- [Trinity Clinic Manager] [main] r$InitializeUserDetailsManagerConfigurer : Global AuthenticationManager configured with an AuthenticationProvider bean. UserDetailsService beans will not be used by Spring Security for automatically configuring username/password login. Consider removing the AuthenticationProvider bean. Alternatively, consider using the UserDetailsService in a manually instantiated DaoAuthenticationProvider. If the current configuration is intentional, to turn off this warning, increase the logging level of 'org.springframework.security.config.annotation.authentication.configuration.InitializeUserDetailsBeanManagerConfigurer' to ERROR
2026-06-06T04:32:03.040-04:00  INFO 11680 --- [Trinity Clinic Manager] [main] c.r.stream.impl.StreamEnvironment        : Connecting to localhost with guest user, assuming development environment
2026-06-06T04:32:03.041-04:00  INFO 11680 --- [Trinity Clinic Manager] [main] c.r.stream.impl.StreamEnvironment        : Using address resolver to always connect to localhost
2026-06-06T04:32:03.940-04:00  INFO 11680 --- [Trinity Clinic Manager] [main] o.s.b.a.e.web.EndpointLinksResolver      : Exposing 1 endpoint beneath base path '/actuator'
2026-06-06T04:32:04.333-04:00  INFO 11680 --- [Trinity Clinic Manager] [main] o.s.boot.tomcat.TomcatWebServer          : Tomcat started on port 8080 (http) with context path '/trinity'
2026-06-06T04:32:04.364-04:00  INFO 11680 --- [Trinity Clinic Manager] [main] i.s.s.t.services.TrinityApplication      : Started TrinityApplication in 31.996 seconds (process running for 36.976)
2026-06-06T04:32:04.393-04:00  INFO 11680 --- [Trinity Clinic Manager] [main] i.s.s.t.s.middleware.ApplicationReady    : Application [[31mTrinity Clinic Manager[0m] entièrement initialisée
2026-06-06T04:33:09.466-04:00  INFO 11680 --- [Trinity Clinic Manager] [http-nio-8080-exec-1] o.apache.tomcat.util.http.parser.Cookie  : A cookie header was received [g_state={"i_l":0,"i_ll":1780527310595,"i_b":"RrnF9rn4h5bAm0uPO0FhumpPXVQEEacpBt0St9R0O9w","i_e":{"enable_itp_optimization":0},"i_et":1778615391785};] that contained an invalid cookie. That cookie will be ignored.
 Note: further occurrences of this error will be logged at DEBUG level.
2026-06-06T04:33:09.495-04:00  INFO 11680 --- [Trinity Clinic Manager] [http-nio-8080-exec-1] o.a.c.c.C.[.[localhost].[/trinity]       : Initializing Spring DispatcherServlet 'dispatcherServlet'
2026-06-06T04:33:09.498-04:00  INFO 11680 --- [Trinity Clinic Manager] [http-nio-8080-exec-1] o.s.web.servlet.DispatcherServlet        : Initializing Servlet 'dispatcherServlet'
2026-06-06T04:33:09.512-04:00  INFO 11680 --- [Trinity Clinic Manager] [http-nio-8080-exec-1] o.s.web.servlet.DispatcherServlet        : Completed initialization in 11 ms
2026-06-06T04:34:06.224-04:00  WARN 11680 --- [Trinity Clinic Manager] [http-nio-8080-exec-6] ration$PageModule$WarningLoggingModifier : Serializing PageImpl instances as-is is not supported, meaning that there is no guarantee about the stability of the resulting JSON structure!
	For a stable JSON structure, please use Spring Data's PagedModel (globally via @EnableSpringDataWebSupport(pageSerializationMode = VIA_DTO))
	or Spring HATEOAS and Spring Data's PagedResourcesAssembler as documented in https://docs.spring.io/spring-data/commons/reference/repositories/core-extensions.html#core.web.pageables.

2026-06-06T04:34:25.338-04:00  INFO 11680 --- [Trinity Clinic Manager] [SpringApplicationShutdownHook] o.s.boot.tomcat.GracefulShutdown         : Commencing graceful shutdown. Waiting for active requests to complete
2026-06-06T04:34:25.363-04:00  INFO 11680 --- [Trinity Clinic Manager] [tomcat-shutdown] o.s.boot.tomcat.GracefulShutdown         : Graceful shutdown complete
2026-06-06T04:34:26.640-04:00  INFO 11680 --- [Trinity Clinic Manager] [SpringApplicationShutdownHook] j.LocalContainerEntityManagerFactoryBean : Closing JPA EntityManagerFactory for persistence unit 'default'
2026-06-06T04:34:26.652-04:00  INFO 11680 --- [Trinity Clinic Manager] [SpringApplicationShutdownHook] com.zaxxer.hikari.HikariDataSource       : HikariPool-1 - Shutdown initiated...
2026-06-06T04:34:26.676-04:00  INFO 11680 --- [Trinity Clinic Manager] [SpringApplicationShutdownHook] com.zaxxer.hikari.HikariDataSource       : HikariPool-1 - Shutdown completed.
